movie_clip,valence,arousal,true_val,val_bin_pred,aro_bin_pred,audio_val,val_actual,aro_actual,video_val,,Music Probability,,Correct measure,Match true_val,Correct measure corresponding output,voice_ratio,voice_ratio_updated (>20%),audio_val_actual,
Gifted_000,0.34,0.56,low,0.68,0.7,high,0.8,0.88,high,,0.765,,audio_val,discarded,high,0,0,low,Accuracy = 403/941
Gifted_001,0.41,0.38,low,0.53,0.35,high,0.62,0.69,high,,0.764,,audio_val,discarded,high,0,0,low,42.83%
Gifted_002,0.34,0.5,low,0.38,0.58,low,0.7,0.74,high,,0.799,,audio_val,stays,low,0,0,low,
Gifted_003,0.41,0.56,low,0.37,0.64,low,0.67,0.78,high,,0.802,,audio_val,stays,low,0,0,low,
Gifted_004,0.47,0.31,low,0.62,0.42,high,0.8,0.88,high,,0.592,,audio_val,discarded,high,0,0,low,
Gifted_005,0.34,0.5,low,0.41,0.55,low,0.67,0.78,high,,0.049,,video_val,stays,high,0.674932896,0.674932896,high,
Gifted_006,0.44,0.56,low,0.35,0.42,low,0.67,0.78,high,,0.053,,video_val,stays,high,0.411786541,0.411786541,high,
Gifted_007,0.72,0.19,high,0.68,0.46,high,0.8,0.88,high,,0.753,,audio_val,stays,high,0,0,low,
Gifted_008,0.78,0.19,high,0.53,0.2,high,0.8,0.88,high,,0.637,,audio_val,stays,high,0,0,low,
Gifted_009,0.25,0.5,low,0.5,0.4,low,0.8,0.78,high,,0,,video_val,stays,high,0.150270755,0,low,
Gifted_010,0.5,0.5,low,0.46,0.66,low,0.67,0.78,high,,0.03,,video_val,stays,high,0.185239551,0,low,
Gifted_011,0.59,0.56,high,0.73,0.44,high,0.67,0.78,high,,0.063,,video_val,stays,high,0.591252859,0.591252859,high,
Gifted_012,0.47,0.44,low,0.57,0.47,high,0.8,0.88,high,,0.414,,video_val,discarded,high,0.653206341,0.653206341,low,
Gifted_013,0.38,0.5,low,0.61,0.55,high,0.8,0.78,high,,0.116,,video_val,discarded,high,0.792095019,0.792095019,low,
Gifted_014,0.25,0.5,low,0.37,0.47,low,0.67,0.78,high,,0.117,,video_val,stays,high,0.680659317,0.680659317,high,
Gifted_015,0.28,0.5,low,0.39,0.54,low,0.7,0.74,high,,0.027,,video_val,stays,high,0.276086478,0.276086478,high,
Gifted_016,0.31,0.56,low,0.5,0.44,low,0.67,0.78,high,,0.299,,video_val,stays,high,0.656709217,0.656709217,high,
Gifted_017,0.31,0.69,low,0.59,0.43,high,0.8,0.88,high,,0.244,,video_val,discarded,high,0.691428761,0.691428761,low,
Gifted_018,0.22,0.81,low,0.54,0.4,high,0.67,0.78,high,,0.505,,audio_val,discarded,high,0,0,low,
Gifted_019,0.16,0.88,low,0.6,0.5,high,0.67,0.78,high,,0.288,,video_val,discarded,high,0.78862778,0.78862778,low,
Gifted_020,0.16,0.81,low,0.4,0.49,low,0.67,0.78,high,,0.235,,video_val,stays,high,0.612881622,0.612881622,high,
Gifted_021,0.22,0.5,low,0.44,0.29,low,0.67,0.78,high,,0.027,,video_val,stays,high,0.526783099,0.526783099,high,
Gifted_022,0.25,0.75,low,0.52,0.46,high,0.8,0.88,high,,0.214,,video_val,discarded,high,0.443468978,0.443468978,low,
Gifted_023,0.38,0.25,low,0.38,0.31,low,0.8,0.88,high,,0.692,,audio_val,stays,low,0,0,low,
Gifted_024,0.41,0.31,low,0.58,0.62,high,0.8,0.78,high,,0.063,,video_val,discarded,high,0.020700124,0,low,
Gifted_025,0.84,0.19,high,0.42,0.35,low,0.7,0.72,high,,0.619,,audio_val,stays,low,0,0,low,
Gifted_026,0.75,0.19,high,0.34,0.35,low,0.7,0.72,high,,0.828,,audio_val,stays,low,0,0,low,
Gifted_027,0.09,0.94,low,0.51,0.68,high,0.67,0.78,high,,0.324,,video_val,discarded,high,0.461417378,0.461417378,low,
Gifted_028,0.06,0.94,low,0.27,0.87,low,0.8,0.88,high,,0.85,,audio_val,stays,low,0,0,low,
Gifted_029,0.31,0.38,low,0.15,0.21,low,0.67,0.78,high,,0.626,,audio_val,stays,low,0,0,low,
Gifted_030,0.41,0.25,low,0.17,0.18,low,0.67,0.78,high,,0,,video_val,stays,high,0.175024498,0,low,
Gifted_031,0.66,0.25,high,0.46,0.43,low,0.8,0.78,high,,0.136,,video_val,stays,high,0.246869767,0.246869767,high,
Gifted_032,0.44,0.38,low,0.5,0.36,low,0.8,0.88,high,,0.385,,video_val,stays,high,0.298776362,0.298776362,high,
Gifted_033,0.53,0.38,high,0.66,0.66,high,0.63,0.85,high,,0.456,,video_val,stays,high,0.348687005,0.348687005,high,
Gifted_034,0.53,0.31,high,0.54,0.44,high,0.67,0.78,high,,0.031,,video_val,stays,high,0.542182072,0.542182072,high,
Gifted_035,0.62,0.44,high,0.5,0.26,low,0.67,0.78,high,,0.112,,video_val,stays,high,0.612890672,0.612890672,high,
Gifted_036,0.66,0.5,high,0.39,0.2,low,0.8,0.88,high,,0.262,,video_val,stays,high,0.388697592,0.388697592,high,
Gifted_037,0.69,0.31,high,0.53,0.24,high,0.8,0.88,high,,0.134,,video_val,stays,high,0.467994462,0.467994462,high,
Gifted_038,0.38,0.75,low,0.4,0.5,low,0.8,0.88,high,,0.29,,video_val,stays,high,0.684499147,0.684499147,high,
Gifted_039,0.5,0.44,low,0.42,0.35,low,0.67,0.78,high,,0.023,,video_val,stays,high,0.527222109,0.527222109,high,
Gifted_040,0.84,0.5,high,0.39,0.85,low,0.8,0.78,high,,0,,video_val,stays,high,0.011594895,0,low,
Gifted_041,0.69,0.31,high,0.45,0.44,low,0.7,0.74,high,,0,,video_val,stays,high,0.128456146,0,low,
Gifted_042,0.5,0.5,low,0.46,0.42,low,0.62,0.69,high,,0.525,,audio_val,stays,low,0,0,low,
Gifted_043,0.56,0.31,high,0.58,0.37,high,0.62,0.69,high,,0,,video_val,stays,high,0.283434018,0.283434018,high,
Gifted_044,0.75,0.25,high,0.13,0.29,low,0.7,0.72,high,,0,,video_val,stays,high,0.080385355,0,low,
Gifted_045,0.47,0.31,low,0.37,0.23,low,0.8,0.78,high,,0.069,,video_val,stays,high,0.206835145,0.206835145,high,
Gifted_046,0.75,0.31,high,0.46,0.42,low,0.67,0.78,high,,0.303,,video_val,stays,high,0.590714389,0.590714389,high,
Gifted_047,0.47,0.25,low,0.16,0.12,low,0.62,0.69,high,,0.071,,video_val,stays,high,0.196485559,0,low,
Gifted_048,0.28,0.44,low,0.35,0.34,low,0.67,0.78,high,,0.351,,video_val,stays,high,0.411021235,0.411021235,high,
Gifted_049,0.91,0.44,high,0.4,0.17,low,0.67,0.78,high,,0.606,,audio_val,stays,low,0,0,low,
Gifted_050,0.91,0.5,high,0.34,0.17,low,0.8,0.78,high,,0.577,,audio_val,stays,low,0,0,low,
Gifted_051,0.91,0.44,high,0.77,0.74,high,0.8,0.88,high,,0.8,,audio_val,stays,high,0,0,low,
Gifted_052,0.16,0.25,low,0.35,0.26,low,0.67,0.78,high,,0.763,,audio_val,stays,low,0,0,low,
Gifted_053,0,0.81,low,0.51,0.6,high,0.67,0.78,high,,0.783,,audio_val,discarded,high,0,0,low,
Gifted_054,0.03,0.94,low,0.34,0.85,low,0.67,0.78,high,,0.371,,video_val,stays,high,0.20987193,0.20987193,high,
Gifted_055,0.06,0.5,low,0.31,0.39,low,0.67,0.78,high,,0.357,,video_val,stays,high,0.195699154,0,low,
Gifted_056,0.34,0.44,low,0.66,0.34,high,0.8,0.88,high,,0.067,,video_val,discarded,high,0.217867349,0.217867349,low,
Gifted_057,0.56,0.44,high,0.61,0.37,high,0.7,0.74,high,,0.369,,video_val,stays,high,0.195453832,0,low,
Gifted_058,0.16,0.94,low,0.3,0.77,low,0.8,0.88,high,,0.207,,video_val,stays,high,0.74717648,0.74717648,high,
Gifted_059,0.09,0.94,low,0.48,0.7,low,0.67,0.78,high,,0.363,,video_val,stays,high,0.847041295,0.847041295,high,
Gifted_060,0.12,0.5,low,0.28,0.38,low,0.67,0.78,high,,0.267,,video_val,stays,high,0.211670854,0.211670854,high,
Gifted_061,0.31,0.19,low,0.38,0.22,low,0.67,0.78,high,,0.056,,video_val,stays,high,0.168406089,0,low,
Gifted_062,0.34,0.38,low,0.19,0.31,low,0.7,0.74,high,,0,,video_val,stays,high,0.076969397,0,low,
Gifted_063,0.41,0.19,low,0.19,0.2,low,0.8,0.88,high,,0.495,,video_val,stays,high,0.112165456,0,low,
Gifted_064,0.72,0.44,high,0.44,0.31,low,0.8,0.88,high,,0.385,,video_val,stays,high,0.375601376,0.375601376,high,
Gifted_065,0.78,0.5,high,0.44,0.32,low,0.67,0.78,high,,0.712,,audio_val,stays,low,0,0,low,
Gifted_066,0.91,0.75,high,0.46,0.53,low,0.57,0.79,high,,0.856,,audio_val,stays,low,0,0,low,
LadyBird_000,0.56,0.25,high,0.69,0.6,high,0.68,0.79,high,,0.432,,video_val,stays,high,0.508569183,0.508569183,high,
LadyBird_001,0.41,0.19,low,0.49,0.36,high,0.8,0.88,high,,0.103,,video_val,discarded,high,0.376092352,0.376092352,low,
LadyBird_002,0.5,0.38,high,0.3,0.63,low,0.8,0.88,high,,0.334,,video_val,stays,high,0.920319478,0.920319478,high,
LadyBird_003,0.22,0.88,low,0.25,0.66,low,0.67,0.78,high,,0.074,,video_val,stays,high,0.746973762,0.746973762,high,
LadyBird_004,0.12,0.88,low,0.3,0.84,low,0.8,0.88,high,,0.22,,video_val,stays,high,0.892997357,0.892997357,high,
LadyBird_005,0.12,0.94,low,0.36,0.75,low,0.63,0.85,high,,0.773,,audio_val,stays,low,0,0,low,
LadyBird_006,0.03,1,low,0.47,0.49,low,0.67,0.78,high,,0.888,,audio_val,stays,low,0,0,low,
LadyBird_007,0.47,0.38,low,0.41,0.74,low,0.67,0.78,high,,0.638,,audio_val,stays,low,0,0,low,
LadyBird_008,0.69,0.19,high,0.5,0.39,high,0.8,0.88,high,,0.474,,video_val,stays,high,0.790903271,0.790903271,high,
LadyBird_009,0.31,0.75,low,0.59,0.76,high,0.8,0.78,high,,0.186,,video_val,discarded,high,0.583310934,0.583310934,low,
LadyBird_010,0.47,0.5,low,0.58,0.57,high,0.7,0.74,high,,0.635,,audio_val,discarded,high,0,0,low,
LadyBird_011,0.44,0.81,low,0.69,0.68,high,0.8,0.78,high,,0.862,,audio_val,discarded,high,0,0,low,
LadyBird_012,0.56,0.44,high,0.48,0.71,high,0.67,0.78,high,,0.692,,audio_val,stays,high,0,0,low,
LadyBird_013,0.31,0.75,low,0.6,0.46,high,0.62,0.69,high,,0.843,,audio_val,discarded,high,0,0,low,
LadyBird_014,0.59,0.38,high,0.79,0.7,high,0.7,0.72,high,,0.814,,audio_val,stays,high,0,0,low,
LadyBird_015,0.81,0.44,high,0.81,0.56,high,0.7,0.74,high,,0.134,,video_val,stays,high,0.64690523,0.64690523,high,
LadyBird_016,0.62,0.44,high,0.82,0.71,high,0.8,0.88,high,,0.164,,video_val,stays,high,0.515047845,0.515047845,high,
LadyBird_017,0.59,0.31,high,0.78,0.65,high,0.8,0.88,high,,0.268,,video_val,stays,high,0.626583948,0.626583948,high,
LadyBird_018,0.81,0.56,high,0.7,0.76,high,0.67,0.78,high,,0.801,,audio_val,stays,high,0,0,low,
LadyBird_019,0.84,0.88,high,0.73,0.74,high,0.8,0.88,high,,0.762,,audio_val,stays,high,0,0,low,
LadyBird_020,0.44,0.38,low,0.61,0.57,high,0.63,0.85,high,,0.479,,video_val,discarded,high,0.612940825,0.612940825,low,
LadyBird_021,0.22,0.44,low,0.43,0.42,low,0.8,0.78,high,,0.274,,video_val,stays,high,0.619294527,0.619294527,high,
LadyBird_022,0.75,0.69,high,0.67,0.74,high,0.8,0.88,high,,0.638,,audio_val,stays,high,0,0,low,
LadyBird_023,0.44,0.5,low,0.74,0.49,high,0.7,0.74,high,,0.095,,video_val,discarded,high,0.622030615,0.622030615,low,
LadyBird_024,0.34,0.38,low,0.81,0.47,high,0.7,0.74,high,,0.63,,audio_val,discarded,high,0,0,low,
LadyBird_025,0.75,0.5,high,0.78,0.54,high,0.8,0.88,high,,0.486,,video_val,stays,high,0.730940945,0.730940945,high,
LadyBird_026,0.88,0.56,high,0.43,0.36,low,0.7,0.72,high,,0.202,,video_val,stays,high,0.240275737,0.240275737,high,
LadyBird_027,0.5,0.31,high,0.52,0.57,high,0.8,0.88,high,,0.91,,audio_val,stays,high,0,0,low,
LadyBird_028,0.69,0.81,high,0.45,0.46,low,0.8,0.78,high,,0.856,,audio_val,stays,low,0,0,low,
LadyBird_029,0.88,0.44,high,0.51,0.27,high,0.63,0.85,high,,0.792,,audio_val,stays,high,0,0,low,
LadyBird_030,0.81,0.38,high,0.49,0.38,high,0.67,0.78,high,,0.687,,audio_val,stays,high,0,0,low,
LadyBird_031,0.84,0.81,high,0.3,0.56,low,0.63,0.85,high,,0.258,,video_val,stays,high,0.409374992,0.409374992,high,
LadyBird_032,0.09,0.69,low,0.33,0.45,low,0.55,0.72,high,,0.433,,video_val,stays,high,0.554493694,0.554493694,high,
LadyBird_033,0.12,0.44,low,0.67,0.48,high,0.62,0.69,high,,0.097,,video_val,discarded,high,0.686480156,0.686480156,low,
LadyBird_034,0.72,0.25,high,0.33,0.13,low,0.8,0.88,high,,0.768,,audio_val,stays,low,0,0,low,
LadyBird_035,0.75,0.12,high,0.49,0.19,high,0.8,0.88,high,,0.761,,audio_val,stays,high,0,0,low,
LadyBird_036,0.84,0.25,high,0.5,0.49,high,0.67,0.78,high,,0.627,,audio_val,stays,high,0,0,low,
LadyBird_037,0.84,0.56,high,0.42,0.4,low,0.67,0.78,high,,0.538,,audio_val,stays,low,0,0,low,
LadyBird_038,0.5,0.44,high,0.48,0.5,high,0.8,0.88,high,,0.826,,audio_val,stays,high,0,0,low,
LadyBird_039,0.25,0.56,low,0.36,0.7,low,0.8,0.88,high,,0.114,,video_val,stays,high,0.451885421,0.451885421,high,
LadyBird_040,0.25,0.81,low,0.53,0.48,high,0.62,0.69,high,,0.202,,video_val,discarded,high,0.595022386,0.595022386,low,
LadyBird_041,0.78,0.62,high,0.78,0.58,high,0.67,0.78,high,,0.153,,video_val,stays,high,0.631170117,0.631170117,high,
LadyBird_042,0.59,0.56,high,0.75,0.56,high,0.67,0.78,high,,0.813,,audio_val,stays,high,0,0,low,
LadyBird_043,0.78,0.5,high,0.33,0.42,low,0.8,0.88,high,,0.791,,audio_val,stays,low,0,0,low,
LadyBird_044,0.78,0.5,high,0.67,0.81,high,0.8,0.78,high,,0.402,,video_val,stays,high,0.639343236,0.639343236,high,
LadyBird_045,0.84,0.44,high,0.67,0.73,high,0.67,0.78,high,,0.881,,audio_val,stays,high,0,0,low,
LadyBird_046,0.81,0.62,high,0.54,0.44,high,0.57,0.79,high,,0.915,,audio_val,stays,high,0,0,low,
LadyBird_047,0.56,0.5,high,0.39,0.87,low,0.62,0.69,high,,0.919,,audio_val,stays,low,0,0,low,
LadyBird_048,0.84,0.94,high,0.3,0.34,low,0.67,0.78,high,,0.027,,video_val,stays,high,0.272352434,0.272352434,high,
LadyBird_049,0.44,0.31,low,0.56,0.64,high,0.7,0.74,high,,0.818,,audio_val,discarded,high,0,0,low,
LadyBird_050,0.53,0.25,high,0.49,0.74,high,0.8,0.88,high,,0.83,,audio_val,stays,high,0,0,low,
LadyBird_051,0.81,0.94,high,0.46,0.42,low,0.8,0.88,high,,0.832,,audio_val,stays,low,0,0,low,
LadyBird_052,0.41,0.69,low,0.49,0.56,high,0.67,0.78,high,,0.697,,audio_val,discarded,high,0,0,low,
LadyBird_053,0.94,0.62,high,0.51,0.54,high,0.67,0.78,high,,0.215,,video_val,stays,high,0.530606538,0.530606538,high,
LadyBird_054,0.97,0.62,high,0.62,0.67,high,0.8,0.88,high,,0.723,,audio_val,stays,high,0,0,low,
LadyBird_055,0.94,0.56,high,0.48,0.49,high,0.68,0.79,high,,0.053,,video_val,stays,high,0.515777057,0.515777057,high,
LadyBird_056,0.62,0.56,high,0.5,0.29,high,0.67,0.78,high,,0.751,,audio_val,stays,high,0,0,low,
LadyBird_057,0.72,0.44,high,0.68,0.41,high,0.7,0.74,high,,0.673,,audio_val,stays,high,0,0,low,
LadyBird_058,0.53,0.38,high,0.61,0.5,high,0.8,0.88,high,,0.029,,video_val,stays,high,0.330839353,0.330839353,high,
LadyBird_059,0.31,0.56,low,0.44,0.28,low,0.67,0.78,high,,0.151,,video_val,stays,high,0.540466271,0.540466271,high,
LadyBird_060,0.28,0.5,low,0.75,0.66,high,0.62,0.69,high,,0.241,,video_val,discarded,high,0.683446916,0.683446916,low,
LadyBird_061,0.47,0.5,low,0.61,0.82,high,0.8,0.88,high,,0.086,,video_val,discarded,high,0.59884393,0.59884393,low,
LadyBird_062,0.5,0.5,high,0.14,0.35,low,0.8,0.78,high,,0.045,,video_val,stays,high,0.467561298,0.467561298,high,
LadyBird_063,0.19,0.38,low,0.43,0.34,low,0.67,0.78,high,,0.064,,video_val,stays,high,0.601665713,0.601665713,high,
LadyBird_064,0.53,0.31,high,0.54,0.52,high,0.62,0.69,high,,0.641,,audio_val,stays,high,0,0,low,
LadyBird_065,0.25,0.5,low,0.35,0.57,low,0.67,0.78,high,,0.056,,video_val,stays,high,0.753153543,0.753153543,high,
LadyBird_066,0.19,0.88,low,0.61,0.68,high,0.8,0.88,high,,0.577,,audio_val,discarded,high,0,0,low,
LadyBird_067,0.16,0.81,low,0.43,0.28,low,0.67,0.78,high,,0.682,,audio_val,stays,low,0,0,low,
LadyBird_068,0.22,0.56,low,0.11,0.16,low,0.67,0.78,high,,0.769,,audio_val,stays,low,0,0,low,
LadyBird_069,0.22,0.69,low,0.14,1.01,low,0.7,0.72,high,,0.189,,video_val,stays,high,0.480572577,0.480572577,high,
LadyBird_070,0.06,0.94,low,0.71,0.66,high,0.67,0.78,high,,0.92,,audio_val,discarded,high,0,0,low,
LadyBird_071,0.06,1,low,0.56,0.55,high,0.8,0.88,high,,0.873,,audio_val,discarded,high,0,0,low,
LadyBird_072,0.44,0.25,low,0.54,0.58,high,0.62,0.69,high,,0.809,,audio_val,discarded,high,0,0,low,
LadyBird_073,0.66,0.62,high,0.38,0.68,low,0.8,0.78,high,,0.041,,video_val,stays,high,0.011391355,0,low,
LadyBird_074,0.84,1,high,0.4,0.62,low,0.8,0.88,high,,0.088,,video_val,stays,high,0.666164923,0.666164923,high,
LadyBird_075,0.38,0.56,low,0.1,0.19,low,0.63,0.85,high,,0.092,,video_val,stays,high,0.354906397,0.354906397,high,
LadyBird_076,0.5,0.44,high,0.27,0.41,low,0.6,0.74,high,,0.062,,video_val,stays,high,0.578147013,0.578147013,high,
LadyBird_077,0.22,0.38,low,0.6,0.49,high,0.67,0.78,high,,0.022,,video_val,discarded,high,0.368068268,0.368068268,low,
LadyBird_078,0.44,0.5,low,0.47,0.73,low,0.67,0.78,high,,0.151,,video_val,stays,high,0.636299923,0.636299923,high,
LadyBird_079,0,1,low,0.43,0.75,low,0.67,0.78,high,,0.305,,video_val,stays,high,0.675007174,0.675007174,high,
LadyBird_080,0,1,low,0.36,0.77,low,0.7,0.64,high,,0.353,,video_val,stays,high,0.607259699,0.607259699,high,
LadyBird_081,0,0.75,low,0.49,0.64,high,0.8,0.88,high,,0.823,,audio_val,discarded,high,0,0,low,
LadyBird_082,0.19,0.88,low,0.15,0.36,low,0.62,0.69,high,,0.051,,video_val,stays,high,0.40327263,0.40327263,high,
LadyBird_083,0.12,0.38,low,0.35,0.37,low,0.67,0.78,high,,0,,video_val,stays,high,0.215456586,0.215456586,high,
LadyBird_084,0.31,0.44,low,0.54,0.41,high,0.67,0.78,high,,0.064,,video_val,discarded,high,0.125470257,0,low,
LadyBird_085,0.5,0.38,high,0.35,0.43,low,0.7,0.74,high,,0.032,,video_val,stays,high,0.054301839,0,low,
LadyBird_086,0.59,0.81,high,0.32,0.31,low,0.67,0.78,high,,0.027,,video_val,stays,high,0.013596501,0,low,
LadyBird_087,0.53,0.62,high,0.2,0.28,low,0.8,0.78,high,,0.081,,video_val,stays,high,0.184974633,0,low,
LadyBird_088,0.53,0.69,high,0.33,0.37,low,0.7,0.74,high,,0.357,,video_val,stays,high,0.569719107,0.569719107,high,
LadyBird_089,0.34,0.56,low,0.48,0.34,high,0.67,0.78,high,,0.286,,video_val,discarded,high,0.504728962,0.504728962,low,
LadyBird_090,0.62,0.44,high,0.21,0.42,low,0.67,0.78,high,,0.138,,video_val,stays,high,0.334784353,0.334784353,high,
LadyBird_091,0.12,0.75,low,0.2,0.68,low,0.67,0.78,high,,0.381,,video_val,stays,high,0.59351592,0.59351592,high,
LadyBird_092,0.09,0.88,low,0.4,0.41,low,0.7,0.72,high,,0.031,,video_val,stays,high,0.125811386,0,low,
LadyBird_093,0.25,0.44,low,0.53,0.43,high,0.62,0.69,high,,0.769,,audio_val,discarded,high,0,0,low,
LadyBird_094,0.44,0.75,low,0.51,0.61,high,0.7,0.74,high,,0.77,,audio_val,discarded,high,0,0,low,
LadyBird_095,0.53,0.5,high,0.31,0.4,low,0.7,0.72,high,,0,,video_val,stays,high,0.395529595,0.395529595,high,
LadyBird_096,0.59,0.44,high,0.74,0.6,high,0.7,0.72,high,,0.058,,video_val,stays,high,0.650624132,0.650624132,high,
LadyBird_097,0.31,0.56,low,0.4,0.48,low,0.67,0.78,high,,0.102,,video_val,stays,high,0.328223131,0.328223131,high,
LadyBird_098,0.25,0.25,low,0.44,0.29,low,0.67,0.78,high,,0.276,,video_val,stays,high,0.36009017,0.36009017,high,
LadyBird_099,0.81,0.5,high,0.63,0.42,high,0.8,0.88,high,,0.698,,audio_val,stays,high,0,0,low,
LadyBird_100,0.28,0.44,low,0.7,0.7,high,0.8,0.88,high,,0.833,,audio_val,discarded,high,0,0,low,
LadyBird_101,0.91,0.81,high,0.53,0.27,high,0.8,0.88,high,,0.905,,audio_val,stays,high,0,0,low,
LadyBird_102,0.78,0.25,high,0.46,0.29,low,0.67,0.78,high,,0.746,,audio_val,stays,low,0,0,low,
LadyBird_103,0.72,0.25,high,0.68,0.69,high,0.67,0.78,high,,0.531,,audio_val,stays,high,0,0,low,
LadyBird_104,0.97,0.56,high,0.23,0.62,low,0.8,0.88,high,,0.416,,video_val,stays,high,0.580543238,0.580543238,high,
LadyBird_105,0.16,0.69,low,0.35,0.68,low,0.67,0.78,high,,0.86,,audio_val,stays,low,0,0,low,
LadyBird_106,0.72,0.31,high,0.33,0.39,low,0.8,0.88,high,,0.256,,video_val,stays,high,0.29399588,0.29399588,high,
LadyBird_107,0.56,0.12,high,0.35,0.41,low,0.7,0.64,high,,0.03,,video_val,stays,high,0.013557977,0,low,
LadyBird_108,0.25,0.25,low,0.27,0.35,low,0.62,0.69,high,,0.661,,audio_val,stays,low,0,0,low,
LadyBird_109,0.34,0.5,low,0.61,0.69,high,0.8,0.88,high,,0.786,,audio_val,discarded,high,0,0,low,
LadyBird_110,0.69,0.19,high,0.25,0.49,low,0.67,0.78,high,,0.827,,audio_val,stays,low,0,0,low,
LadyBird_111,0.59,0.5,high,0.78,0.65,high,0.8,0.88,high,,0.848,,audio_val,stays,high,0,0,low,
LadyBird_112,0.5,0.62,high,0.42,0.64,low,0.63,0.85,high,,0.07,,video_val,stays,high,0.009723303,0,low,
LadyBird_113,1,0.19,high,0.45,0.43,low,0.62,0.69,high,,0.719,,audio_val,stays,low,0,0,low,
TheFaultInOurStars_000,0.69,0.44,high,0.27,0.28,low,0.67,0.78,high,,0.699,,audio_val,stays,low,0,0,low,
TheFaultInOurStars_001,0.84,0.44,high,0.51,0.46,high,0.67,0.78,high,,0.767,,audio_val,stays,high,0,0,low,
TheFaultInOurStars_002,0.84,0.38,high,0.51,0.35,high,0.67,0.78,high,,0.671,,audio_val,stays,high,0,0,low,
TheFaultInOurStars_003,0.75,0.56,high,0.57,0.43,high,0.67,0.78,high,,0.262,,video_val,stays,high,0.627713325,0.627713325,high,
TheFaultInOurStars_004,0.59,0.25,high,0.48,0.35,low,0.8,0.88,high,,0.049,,video_val,stays,high,0.769500524,0.769500524,high,
TheFaultInOurStars_005,0.72,0.69,high,0.53,0.51,high,0.67,0.78,high,,0.065,,video_val,stays,high,0.444582972,0.444582972,high,
TheFaultInOurStars_006,0.19,0.88,low,0.21,0.71,low,0.62,0.69,high,,0.02,,video_val,stays,high,0.594888847,0.594888847,high,
TheFaultInOurStars_007,0.69,0.5,high,0.27,0.38,low,0.66,0.67,high,,0.082,,video_val,stays,high,0.307814908,0.307814908,high,
TheFaultInOurStars_008,0.69,0.56,high,0.64,0.44,high,0.8,0.88,high,,0.742,,audio_val,stays,high,0,0,low,
TheFaultInOurStars_009,0.75,0.44,high,0.71,0.62,high,0.7,0.72,high,,0.566,,audio_val,stays,high,0,0,low,
TheFaultInOurStars_010,0.66,0.38,high,0.53,0.4,high,0.67,0.78,high,,0.214,,video_val,stays,high,0.593283451,0.593283451,high,
TheFaultInOurStars_011,0.72,0.5,high,0.54,0.43,high,0.67,0.78,high,,0.026,,video_val,stays,high,0.577298439,0.577298439,high,
TheFaultInOurStars_012,0.84,0.5,high,0.53,0.53,high,0.8,0.88,high,,0.265,,video_val,stays,high,0.564851509,0.564851509,high,
TheFaultInOurStars_013,0.88,0.5,high,0.59,0.37,high,0.67,0.78,high,,0.768,,audio_val,stays,high,0,0,low,
TheFaultInOurStars_014,0.56,0.31,high,0.56,0.33,high,0.8,0.88,high,,0.38,,video_val,stays,high,0.546731725,0.546731725,high,
TheFaultInOurStars_015,0.66,0.69,high,0.55,0.71,high,0.8,0.88,high,,0.19,,video_val,stays,high,0.728972322,0.728972322,high,
TheFaultInOurStars_016,0.56,0.75,high,0.58,0.66,high,0.8,0.88,high,,0.208,,video_val,stays,high,0.748578618,0.748578618,high,
TheFaultInOurStars_017,0.72,0.44,high,0.37,0.43,low,0.8,0.88,high,,0.69,,audio_val,stays,low,0,0,low,
TheFaultInOurStars_018,0.88,0.94,high,0.74,0.65,high,0.68,0.76,high,,0.401,,video_val,stays,high,0.590624893,0.590624893,high,
TheFaultInOurStars_019,0.81,1,high,0.75,0.61,high,0.67,0.78,high,,0.61,,audio_val,stays,high,0,0,low,
TheFaultInOurStars_020,0.84,0.44,high,0.49,0.45,low,0.67,0.78,high,,0.86,,audio_val,stays,low,0,0,low,
TheFaultInOurStars_021,0.81,0.31,high,0.66,0.5,high,0.7,0.74,high,,0.788,,audio_val,stays,high,0,0,low,
TheFaultInOurStars_022,0.84,0.12,high,0.38,0.23,low,0.8,0.88,high,,0.681,,audio_val,stays,low,0,0,low,
TheFaultInOurStars_023,0.91,0.19,high,0.26,0.24,low,0.8,0.88,high,,0.597,,audio_val,stays,low,0,0,low,
TheFaultInOurStars_024,0.81,0.56,high,0.38,0.56,low,0.67,0.78,high,,0.12,,video_val,stays,high,0.478699447,0.478699447,high,
TheFaultInOurStars_025,0.75,0.5,high,0.7,0.54,high,0.67,0.78,high,,0.022,,video_val,stays,high,0.461551342,0.461551342,high,
TheFaultInOurStars_026,0.78,0.38,high,0.71,0.59,high,0.67,0.78,high,,0.586,,audio_val,stays,high,0,0,low,
TheFaultInOurStars_027,0.75,0.31,high,0.57,0.52,high,0.67,0.78,high,,0.604,,audio_val,stays,high,0,0,low,
TheFaultInOurStars_028,0.69,0.31,high,0.65,0.54,high,0.8,0.88,high,,0.471,,video_val,stays,high,0.573941542,0.573941542,high,
TheFaultInOurStars_029,0.81,0.5,high,0.55,0.5,high,0.67,0.78,high,,0.631,,audio_val,stays,high,0,0,low,
TheFaultInOurStars_030,0.94,0.94,high,0.54,0.46,high,0.8,0.88,high,,0.809,,audio_val,stays,high,0,0,low,
TheFaultInOurStars_031,0.59,0.31,high,0.36,0.19,low,0.8,0.78,high,,0.774,,audio_val,stays,low,0,0,low,
TheFaultInOurStars_032,0.41,0.69,low,0.23,0.35,low,0.62,0.69,high,,0.037,,video_val,stays,high,0.465522333,0.465522333,high,
TheFaultInOurStars_033,0.59,0.38,high,0.33,0.34,low,0.63,0.85,high,,0.689,,audio_val,stays,low,0,0,low,
TheFaultInOurStars_034,0.84,0.31,high,0.53,0.4,high,0.8,0.88,high,,0.291,,video_val,stays,high,0.236875396,0.236875396,high,
TheFaultInOurStars_035,0.84,0.56,high,0.54,0.47,high,0.8,0.88,high,,0.476,,video_val,stays,high,0.415119522,0.415119522,high,
TheFaultInOurStars_036,0.88,0.81,high,0.76,0.69,high,0.67,0.78,high,,0.528,,audio_val,stays,high,0,0,low,
TheFaultInOurStars_037,0.66,0.56,high,0.54,0.5,high,0.8,0.78,high,,0,,video_val,stays,high,0.252091469,0.252091469,high,
TheFaultInOurStars_038,0.66,0.38,high,0.34,0.75,low,0.7,0.74,high,,0.865,,audio_val,stays,low,0,0,low,
TheFaultInOurStars_039,0.91,0.81,high,0.79,0.75,high,0.8,0.78,high,,0.759,,audio_val,stays,high,0,0,low,
TheFaultInOurStars_040,0.88,0.5,high,0.45,0.36,low,0.62,0.69,high,,0.788,,audio_val,stays,low,0,0,low,
TheFaultInOurStars_041,0.88,0.12,high,0.44,0.52,low,0.67,0.78,high,,0.808,,audio_val,stays,low,0,0,low,
TheFaultInOurStars_042,0.66,0.25,high,0.49,0.47,low,0.8,0.88,high,,0.904,,audio_val,stays,low,0,0,low,
TheFaultInOurStars_043,0.78,0.31,high,0.65,0.52,high,0.7,0.74,high,,0.055,,video_val,stays,high,0.245535961,0.245535961,high,
TheFaultInOurStars_044,0.69,0.25,high,0.46,0.35,low,0.7,0.74,high,,0.608,,audio_val,stays,low,0,0,low,
TheFaultInOurStars_045,0.47,0.25,low,0.39,0.26,low,0.8,0.88,high,,0.367,,video_val,stays,high,0.55930962,0.55930962,high,
TheFaultInOurStars_046,0.78,0.31,high,0.51,0.35,high,0.7,0.74,high,,0.767,,audio_val,stays,high,0,0,low,
TheFaultInOurStars_047,0.66,0.31,high,0.32,0.28,low,0.67,0.78,high,,0.663,,audio_val,stays,low,0,0,low,
TheFaultInOurStars_048,0.94,0.5,high,0.39,0.47,low,0.67,0.78,high,,0.747,,audio_val,stays,low,0,0,low,
TheFaultInOurStars_049,0.88,0.31,high,0.62,0.84,high,0.8,0.88,high,,0.738,,audio_val,stays,high,0,0,low,
TheFaultInOurStars_050,0.88,0.19,high,0.62,0.47,high,0.8,0.78,high,,0.897,,audio_val,stays,high,0,0,low,
TheFaultInOurStars_051,0.81,0.75,high,0.85,0.71,high,0.8,0.78,high,,0.316,,video_val,stays,high,0.59018366,0.59018366,high,
TheFaultInOurStars_052,0.38,0.69,low,0.5,0.66,low,0.8,0.88,high,,0.357,,video_val,stays,high,0.394321382,0.394321382,high,
TheFaultInOurStars_053,0.97,0.56,high,0.49,0.54,low,0.8,0.88,high,,0.797,,audio_val,stays,low,0,0,low,
TheFaultInOurStars_054,0.97,0.44,high,0.56,0.41,high,0.67,0.78,high,,0.367,,video_val,stays,high,0.223918171,0.223918171,high,
TheFaultInOurStars_055,0.62,0.19,high,0.42,0.03,low,0.7,0.74,high,,0.65,,audio_val,stays,low,0,0,low,
TheFaultInOurStars_056,0.84,0.5,high,0.66,0.52,high,0.8,0.88,high,,0.674,,audio_val,stays,high,0,0,low,
TheFaultInOurStars_057,0.91,0.44,high,0.3,0.21,low,0.8,0.88,high,,0.594,,audio_val,stays,low,0,0,low,
TheFaultInOurStars_058,0.75,0.06,high,0.4,0.41,low,0.8,0.88,high,,0.734,,audio_val,stays,low,0,0,low,
TheFaultInOurStars_059,0.56,0.25,high,0.35,0.59,low,0.67,0.78,high,,0.721,,audio_val,stays,low,0,0,low,
TheFaultInOurStars_060,0,0.38,low,0.21,0.02,low,0.67,0.78,high,,0.337,,video_val,stays,high,0.127374963,0,low,
TheFaultInOurStars_061,0.06,0.62,low,0.28,0.29,low,0.8,0.88,high,,0.516,,audio_val,stays,low,0,0,low,
TheFaultInOurStars_062,0.31,0.25,low,0.14,0.18,low,0.67,0.78,high,,0.546,,audio_val,stays,low,0,0,low,
TheFaultInOurStars_063,0.5,0.25,low,0.18,0.09,low,0.67,0.78,high,,0.291,,video_val,stays,high,0.324719199,0.324719199,high,
TheFaultInOurStars_064,0.66,0.38,high,0.27,0.15,low,0.7,0.74,high,,0.647,,audio_val,stays,low,0,0,low,
TheFaultInOurStars_065,0.38,0.06,low,0.24,0.22,low,0.8,0.78,high,,0.888,,audio_val,stays,low,0,0,low,
TheFaultInOurStars_066,0.75,0.31,high,0.53,0.24,high,0.8,0.88,high,,0.794,,audio_val,stays,high,0,0,low,
TheFaultInOurStars_067,0.69,0.19,high,0.26,0.1,low,0.67,0.78,high,,0.238,,video_val,stays,high,0.239583421,0.239583421,high,
TheFaultInOurStars_068,0.75,0.19,high,0.56,0.76,high,0.8,0.78,high,,0.48,,video_val,stays,high,0.071755533,0,low,
TheFaultInOurStars_069,0.34,0.19,low,0.36,0.27,low,0.67,0.78,high,,0.583,,audio_val,stays,low,0,0,low,
TheFaultInOurStars_070,0.22,0.25,low,0.24,0.03,low,0.67,0.78,high,,0.195,,video_val,stays,high,0.25805281,0.25805281,high,
TheFaultInOurStars_071,0.31,0.94,low,0.34,0.59,low,0.7,0.74,high,,0,,video_val,stays,high,0.53269059,0.53269059,high,
TheFaultInOurStars_072,0.69,0.19,high,0.36,0.19,low,0.8,0.88,high,,0.642,,audio_val,stays,low,0,0,low,
TheFaultInOurStars_073,0.62,0.38,high,0.56,0.47,high,0.67,0.78,high,,0.414,,video_val,stays,high,0.048301288,0,low,
TheFaultInOurStars_074,0.34,0.31,low,0.4,0.21,low,0.67,0.78,high,,0.318,,video_val,stays,high,0.468742173,0.468742173,high,
TheFaultInOurStars_075,0.69,0.19,high,0.46,0.26,low,0.55,0.72,high,,0.719,,audio_val,stays,low,0,0,low,
TheFaultInOurStars_076,0.66,0.56,high,0.29,0.28,low,0.67,0.78,high,,0.721,,audio_val,stays,low,0,0,low,
TheFaultInOurStars_077,0.66,0.44,high,0.28,0.2,low,0.7,0.74,high,,0.823,,audio_val,stays,low,0,0,low,
TheSpectacularNow_000,0.78,0.5,high,0.64,0.7,high,0.67,0.78,high,,0.765,,audio_val,stays,high,0,0,low,
TheSpectacularNow_001,0.78,0.69,high,0.55,0.6,high,0.7,0.74,high,,0.838,,audio_val,stays,high,0,0,low,
TheSpectacularNow_002,0.22,0.81,low,0.46,0.82,high,0.67,0.78,high,,0.53,,audio_val,discarded,high,0,0,low,
TheSpectacularNow_003,0.72,0.5,high,0.55,0.67,high,0.8,0.88,high,,0.754,,audio_val,stays,high,0,0,low,
TheSpectacularNow_004,0.28,0.44,low,0.32,0.55,low,0.67,0.78,high,,0.686,,audio_val,stays,low,0,0,low,
TheSpectacularNow_005,0.22,0.5,low,0.67,0.5,high,0.67,0.78,high,,0.819,,audio_val,discarded,high,0,0,low,
TheSpectacularNow_006,0.53,0.44,high,0.54,0.47,high,0.57,0.79,high,,0,,video_val,stays,high,0.220789395,0.220789395,high,
TheSpectacularNow_007,0.5,0.38,high,0.26,0.21,low,0.67,0.78,high,,0.108,,video_val,stays,high,0.286467022,0.286467022,high,
TheSpectacularNow_008,0.66,0.31,high,0.37,0.2,low,0.67,0.78,high,,0.163,,video_val,stays,high,0.252634329,0.252634329,high,
TheSpectacularNow_009,0.53,0.31,high,0.41,0.25,low,0.7,0.72,high,,0.453,,video_val,stays,high,0.49365047,0.49365047,high,
TheSpectacularNow_010,0.69,0.44,high,0.59,0.42,high,0.67,0.78,high,,0.452,,video_val,stays,high,0.614653483,0.614653483,high,
TheSpectacularNow_011,0.91,0.62,high,0.78,0.65,high,0.8,0.88,high,,0.644,,audio_val,stays,high,0,0,low,
TheSpectacularNow_012,0.38,0.5,low,0.26,0.5,low,0.62,0.69,high,,0,,video_val,stays,high,0.431233927,0.431233927,high,
TheSpectacularNow_013,0.72,0.44,high,0.6,0.52,high,0.8,0.88,high,,0.102,,video_val,stays,high,0.453896414,0.453896414,high,
TheSpectacularNow_014,0.78,0.56,high,0.7,0.54,high,0.67,0.78,high,,0.063,,video_val,stays,high,0.593676309,0.593676309,high,
TheSpectacularNow_015,0.5,0.38,high,0.56,0.41,high,0.67,0.78,high,,0.033,,video_val,stays,high,0.452899451,0.452899451,high,
TheSpectacularNow_016,0.81,0.44,high,0.65,0.47,high,0.7,0.72,high,,0.334,,video_val,stays,high,0.457471862,0.457471862,high,
TheSpectacularNow_017,0.69,0.38,high,0.61,0.46,high,0.67,0.78,high,,0.189,,video_val,stays,high,0.269063546,0.269063546,high,
TheSpectacularNow_018,0.66,0.31,high,0.56,0.4,high,0.7,0.72,high,,0.415,,video_val,stays,high,0.176346861,0,low,
TheSpectacularNow_019,0.59,0.38,high,0.55,0.34,high,0.8,0.88,high,,0.782,,audio_val,stays,high,0,0,low,
TheSpectacularNow_020,0.88,0.62,high,0.51,0.44,high,0.68,0.76,high,,0.055,,video_val,stays,high,0.66144375,0.66144375,high,
TheSpectacularNow_021,0.62,0.44,high,0.69,0.46,high,0.8,0.78,high,,0.081,,video_val,stays,high,0.501567436,0.501567436,high,
TheSpectacularNow_022,0.47,0.38,high,0.47,0.42,high,0.67,0.78,high,,0.171,,video_val,stays,high,0.607548403,0.607548403,high,
TheSpectacularNow_023,0.28,0.38,low,0.5,0.29,high,0.63,0.85,high,,0.05,,video_val,discarded,high,0.546979957,0.546979957,low,
TheSpectacularNow_024,0.78,0.5,high,0.44,0.42,low,0.63,0.85,high,,0.084,,video_val,stays,high,0.384167262,0.384167262,high,
TheSpectacularNow_025,0.66,0.38,high,0.74,0.55,high,0.7,0.74,high,,0.089,,video_val,stays,high,0.083517617,0,low,
TheSpectacularNow_026,0.69,0.56,high,0.57,0.52,high,0.8,0.88,high,,0.047,,video_val,stays,high,0.592394828,0.592394828,high,
TheSpectacularNow_027,0.69,0.5,high,0.72,0.56,high,0.63,0.85,high,,0.128,,video_val,stays,high,0.470786518,0.470786518,high,
TheSpectacularNow_028,0.44,0.44,low,0.59,0.43,high,0.67,0.78,high,,0.026,,video_val,discarded,high,0.635281287,0.635281287,low,
TheSpectacularNow_029,0.56,0.75,high,0.68,0.71,high,0.7,0.85,high,,0.044,,video_val,stays,high,0.702631793,0.702631793,high,
TheSpectacularNow_030,0.84,0.81,high,0.36,0.87,low,0.67,0.78,high,,0.821,,audio_val,stays,low,0,0,low,
TheSpectacularNow_031,0.88,0.94,high,0.71,0.7,high,0.8,0.88,high,,0.821,,audio_val,stays,high,0,0,low,
TheSpectacularNow_032,0.44,0.38,low,0.36,0.39,low,0.63,0.85,high,,0.028,,video_val,stays,high,0.035758884,0,low,
TheSpectacularNow_033,0.59,0.31,high,0.38,0.35,low,0.63,0.85,high,,0.582,,audio_val,stays,low,0,0,low,
TheSpectacularNow_034,0.16,0.88,low,0.29,0.64,low,0.67,0.78,high,,0.044,,video_val,stays,high,0.310798955,0.310798955,high,
TheSpectacularNow_035,0.06,0.81,low,0.51,0.47,high,0.8,0.78,high,,0.044,,video_val,discarded,high,0.040182951,0,low,
TheSpectacularNow_036,0.44,0.38,low,0.57,0.45,high,0.8,0.78,high,,0.522,,audio_val,discarded,high,0,0,low,
TheSpectacularNow_037,0.75,0.62,high,0.75,0.6,high,0.62,0.69,high,,0.055,,video_val,stays,high,0.630933899,0.630933899,high,
TheSpectacularNow_038,0.75,0.5,high,0.31,0.29,low,0.77,0.82,high,,0.441,,video_val,stays,high,0.436043074,0.436043074,high,
TheSpectacularNow_039,0.81,0.31,high,0.33,0.18,low,0.67,0.78,high,,0.379,,video_val,stays,high,0.077661368,0,low,
TheSpectacularNow_040,0.81,0.62,high,0.58,0.51,high,0.8,0.88,high,,0.143,,video_val,stays,high,0.061479372,0,low,
TheSpectacularNow_041,0.78,0.62,high,0.48,0.41,high,0.77,0.82,high,,0.039,,video_val,stays,high,0.028656164,0,low,
TheSpectacularNow_042,0.41,0.44,low,0.26,0.22,low,0.67,0.78,high,,0.076,,video_val,stays,high,0.268802162,0.268802162,high,
TheSpectacularNow_043,0.88,0.75,high,0.75,0.58,high,0.67,0.78,high,,0.733,,audio_val,stays,high,0,0,low,
TheSpectacularNow_044,0.69,0.62,high,0.74,0.75,high,0.8,0.78,high,,0.441,,video_val,stays,high,0.157448659,0,low,
TheSpectacularNow_045,0.47,0.44,high,0.5,0.36,high,0.67,0.78,high,,0.091,,video_val,stays,high,0.17866998,0,low,
TheSpectacularNow_046,0.75,0,high,0.27,0.01,low,0.8,0.88,high,,0.053,,video_val,stays,high,0.239890152,0.239890152,high,
TheSpectacularNow_047,0.75,0.19,high,0.5,0.41,high,0.8,0.78,high,,0.707,,audio_val,stays,high,0,0,low,
TheSpectacularNow_048,0.81,0.56,high,0.67,0.47,high,0.7,0.72,high,,0.338,,video_val,stays,high,0.528616196,0.528616196,high,
TheSpectacularNow_049,0.81,0.56,high,0.68,0.59,high,0.67,0.78,high,,0,,video_val,stays,high,0.359935161,0.359935161,high,
TheSpectacularNow_050,0.72,0.75,high,0.83,0.52,high,0.8,0.88,high,,0.13,,video_val,stays,high,0.609092808,0.609092808,high,
TheSpectacularNow_051,0.59,0.56,high,0.31,0.52,low,0.7,0.64,high,,0.43,,video_val,stays,high,0.533464843,0.533464843,high,
TheSpectacularNow_052,0.09,0.38,low,0.38,0.34,low,0.62,0.69,high,,0.104,,video_val,stays,high,0.331386189,0.331386189,high,
TheSpectacularNow_053,0.44,0.62,low,0.56,0.53,high,0.55,0.72,high,,0.148,,video_val,discarded,high,0.573755254,0.573755254,low,
TheSpectacularNow_054,0.16,1,low,0.31,0.59,low,0.62,0.69,high,,0.095,,video_val,stays,high,0.497289164,0.497289164,high,
TheSpectacularNow_055,0.19,0.5,low,0.43,0.28,low,0.7,0.74,high,,0.634,,audio_val,stays,low,0,0,low,
TheSpectacularNow_056,0.81,0.69,high,0.5,0.55,high,0.68,0.76,high,,0.468,,video_val,stays,high,0.159320661,0,low,
TheSpectacularNow_057,0.72,0.56,high,0.59,0.47,high,0.8,0.88,high,,0.066,,video_val,stays,high,0.153478258,0,low,
TheSpectacularNow_058,0.69,0.69,high,0.76,0.64,high,0.63,0.85,high,,0.083,,video_val,stays,high,0.631394374,0.631394374,high,
TheSpectacularNow_059,0.69,0.44,high,0.58,0.42,high,0.8,0.88,high,,0.087,,video_val,stays,high,0.581392347,0.581392347,high,
TheSpectacularNow_060,0.5,0.38,high,0.7,0.54,high,0.8,0.78,high,,0.024,,video_val,stays,high,0.187701156,0,low,
TheSpectacularNow_061,0.72,0.31,high,0.77,0.65,high,0.7,0.74,high,,0.768,,audio_val,stays,high,0,0,low,
TheSpectacularNow_062,0.47,0.5,high,0.53,0.46,high,0.67,0.78,high,,0.359,,video_val,stays,high,0.349208303,0.349208303,high,
TheSpectacularNow_063,0.38,0.44,low,0.33,0.44,low,0.67,0.78,high,,0.313,,video_val,stays,high,0.393760401,0.393760401,high,
TheSpectacularNow_064,0.12,0.44,low,0.36,0.42,low,0.8,0.88,high,,0.056,,video_val,stays,high,0.343018958,0.343018958,high,
TheSpectacularNow_065,0.41,0.44,low,0.5,0.33,high,0.67,0.78,high,,0.037,,video_val,discarded,high,0.013999383,0,low,
TheSpectacularNow_066,0.22,0.5,low,0.35,0.19,low,0.67,0.78,high,,0,,video_val,stays,high,0.110051521,0,low,
TheSpectacularNow_067,0.12,0.62,low,0.44,0.44,low,0.57,0.79,high,,0.326,,video_val,stays,high,0.508302007,0.508302007,high,
TheSpectacularNow_068,0.12,0.31,low,0.36,0.33,low,0.67,0.78,high,,0.302,,video_val,stays,high,0.009985732,0,low,
TheSpectacularNow_069,0.06,0.25,low,0.31,0.19,low,0.67,0.78,high,,0.522,,audio_val,stays,low,0,0,low,
TheSpectacularNow_070,0.03,0.94,low,0.32,0.61,low,0.67,0.78,high,,0.54,,audio_val,stays,low,0,0,low,
TheSpectacularNow_071,0,1,low,0.16,1,low,0.67,0.78,high,,0.528,,audio_val,stays,low,0,0,low,
TheSpectacularNow_072,0.53,0.19,high,0.29,0.1,low,0.8,0.88,high,,0.13,,video_val,stays,high,0.074973721,0,low,
TheSpectacularNow_073,0.5,0.38,high,0.4,0.29,low,0.67,0.78,high,,0.026,,video_val,stays,high,0.09197587,0,low,
TheSpectacularNow_074,0.66,0.31,high,0.51,0.38,high,0.8,0.78,high,,0,,video_val,stays,high,0.012664881,0,low,
TheSpectacularNow_075,0.25,0.44,low,0.52,0.25,high,0.62,0.69,high,,0.148,,video_val,discarded,high,0.325997657,0.325997657,low,
TheSpectacularNow_076,0.75,0.31,high,0.26,0.17,low,0.67,0.78,high,,0.338,,video_val,stays,high,0.074588467,0,low,
TheSpectacularNow_077,0.09,0.19,low,0.31,0.43,low,0.8,0.88,high,,0.458,,video_val,stays,high,0.07168859,0,low,
TheSpectacularNow_078,0.06,0.94,low,0.24,0.78,low,0.57,0.79,high,,0.043,,video_val,stays,high,0.614764911,0.614764911,high,
TheSpectacularNow_079,0.28,0.62,low,0.5,0.49,high,0.67,0.78,high,,0.06,,video_val,discarded,high,0.559804004,0.559804004,low,
TheSpectacularNow_080,0.06,0.31,low,0.24,0.17,low,0.67,0.78,high,,0,,video_val,stays,high,0.135592271,0,low,
TheSpectacularNow_081,0.28,0.62,low,0.66,0.56,high,0.67,0.78,high,,0.232,,video_val,discarded,high,0.302447233,0.302447233,low,
TheSpectacularNow_082,0.53,0.56,high,0.42,0.34,low,0.7,0.74,high,,0.054,,video_val,stays,high,0.019995277,0,low,
TheTheoryOfEverything_000,0.72,0.56,high,0.42,0.44,low,0.7,0.73,high,,0.796,,audio_val,stays,low,0,0,low,
TheTheoryOfEverything_001,0.66,0.44,high,0.5,0.29,low,0.67,0.78,high,,0.756,,audio_val,stays,low,0,0,low,
TheTheoryOfEverything_002,0.56,0.38,high,0.33,0.38,low,0.8,0.78,high,,0.272,,video_val,stays,high,0.076695289,0,low,
TheTheoryOfEverything_003,0.78,0.5,high,0.5,0.27,low,0.8,0.78,high,,0.377,,video_val,stays,high,0.302443342,0.302443342,high,
TheTheoryOfEverything_004,0.34,0.5,low,0.59,0.46,high,0.67,0.78,high,,0.449,,video_val,discarded,high,0.20756085,0.20756085,low,
TheTheoryOfEverything_005,0.78,0.38,high,0.47,0.5,low,0.7,0.74,high,,0.071,,video_val,stays,high,0.405955264,0.405955264,high,
TheTheoryOfEverything_006,0.88,0.44,high,0.64,0.62,high,0.7,0.74,high,,0.201,,video_val,stays,high,0.280952482,0.280952482,high,
TheTheoryOfEverything_007,0.69,0.25,high,0.48,0.5,low,0.67,0.78,high,,0.625,,audio_val,stays,low,0,0,low,
TheTheoryOfEverything_008,0.53,0.44,high,0.7,0.66,high,0.8,0.88,high,,0.866,,audio_val,stays,high,0,0,low,
TheTheoryOfEverything_009,0.75,0.44,high,0.51,0.45,high,0.7,0.74,high,,0.831,,audio_val,stays,high,0,0,low,
TheTheoryOfEverything_010,0.66,0.38,high,0.63,0.47,high,0.7,0.74,high,,0.692,,audio_val,stays,high,0,0,low,
TheTheoryOfEverything_011,0.94,0.5,high,0.37,0.39,low,0.67,0.78,high,,0.701,,audio_val,stays,low,0,0,low,
TheTheoryOfEverything_012,0.84,0.38,high,0.63,0.55,high,0.8,0.88,high,,0.873,,audio_val,stays,high,0,0,low,
TheTheoryOfEverything_013,0.97,0.5,high,0.45,0.44,low,0.67,0.78,high,,0.843,,audio_val,stays,low,0,0,low,
TheTheoryOfEverything_014,0.84,0.06,high,0.5,0.48,low,0.8,0.88,high,,0.768,,audio_val,stays,low,0,0,low,
TheTheoryOfEverything_015,0.94,0.19,high,0.4,0.46,low,0.67,0.78,high,,0.771,,audio_val,stays,low,0,0,low,
TheTheoryOfEverything_016,0.88,0.88,high,0.82,0.75,high,0.8,0.88,high,,0.251,,video_val,stays,high,0.700426996,0.700426996,high,
TheTheoryOfEverything_017,0.25,0.25,low,0.42,0.39,low,0.8,0.88,high,,0.217,,video_val,stays,high,0.264673457,0.264673457,high,
TheTheoryOfEverything_018,0.09,0.38,low,0.39,0.41,low,0.8,0.78,high,,0.096,,video_val,stays,high,0.064657597,0,low,
TheTheoryOfEverything_019,0.22,0.56,low,0.38,0.39,low,0.7,0.74,high,,0.575,,audio_val,stays,low,0,0,low,
TheTheoryOfEverything_020,0.09,0.56,low,0.36,0.31,low,0.67,0.78,high,,0.736,,audio_val,stays,low,0,0,low,
TheTheoryOfEverything_021,0.03,0.94,low,0.52,0.48,high,0.8,0.78,high,,0.818,,audio_val,discarded,high,0,0,low,
TheTheoryOfEverything_022,0.16,0.94,low,0.38,0.43,low,0.8,0.88,high,,0.308,,video_val,stays,high,0.528770471,0.528770471,high,
TheTheoryOfEverything_023,0.69,0.31,high,0.35,0.36,low,0.8,0.88,high,,0.053,,video_val,stays,high,0.045327949,0,low,
TheTheoryOfEverything_024,0.97,0.38,high,0.37,0.32,low,0.7,0.74,high,,0.824,,audio_val,stays,low,0,0,low,
TheTheoryOfEverything_025,0.97,0.25,high,0.47,0.49,low,0.63,0.85,high,,0.81,,audio_val,stays,low,0,0,low,
TheTheoryOfEverything_026,0.75,0.38,high,0.51,0.34,high,0.8,0.78,high,,0.728,,audio_val,stays,high,0,0,low,
TheTheoryOfEverything_027,0.44,0.19,low,0.36,0.42,low,0.8,0.78,high,,0.131,,video_val,stays,high,0.011794761,0,low,
TheTheoryOfEverything_028,0.31,0.19,low,0.26,0.07,low,0.8,0.88,high,,0.049,,video_val,stays,high,0.045453105,0,low,
TheTheoryOfEverything_029,0.72,0.38,high,0.42,0.3,low,0.8,0.88,high,,0.743,,audio_val,stays,low,0,0,low,
TheTheoryOfEverything_030,0.72,0.31,high,0.35,0.25,low,0.8,0.78,high,,0.724,,audio_val,stays,low,0,0,low,
TheTheoryOfEverything_031,0.53,0.62,high,0.48,0.45,low,0.8,0.88,high,,0.534,,audio_val,stays,low,0,0,low,
TheTheoryOfEverything_032,0.16,0.81,low,0.33,0.44,low,0.67,0.78,high,,0.172,,video_val,stays,high,0.23442524,0.23442524,high,
TheTheoryOfEverything_033,0.38,0.31,low,0.18,0.14,low,0.67,0.78,high,,0.206,,video_val,stays,high,0.05212952,0,low,
TheTheoryOfEverything_034,0.66,0.44,high,0.37,0.19,low,0.67,0.78,high,,0.857,,audio_val,stays,low,0,0,low,
TheTheoryOfEverything_035,0.44,0.19,low,0.43,0.77,low,0.63,0.85,high,,0.82,,audio_val,stays,low,0,0,low,
TheTheoryOfEverything_036,0.41,0.5,low,0.59,0.46,high,0.8,0.88,high,,0.714,,audio_val,discarded,high,0,0,low,
TheTheoryOfEverything_037,0.28,0.75,low,0.51,0.47,high,0.8,0.88,high,,0.088,,video_val,discarded,high,0.454909448,0.454909448,low,
TheTheoryOfEverything_038,0.31,0.56,low,0.43,0.38,low,0.8,0.78,high,,0.485,,video_val,stays,high,0.016426409,0,low,
TheTheoryOfEverything_039,0.22,0.44,low,0.29,0.28,low,0.67,0.78,high,,0.309,,video_val,stays,high,0.209081517,0.209081517,high,
TheTheoryOfEverything_040,0.59,0.44,high,0.49,0.27,low,0.7,0.72,high,,0.702,,audio_val,stays,low,0,0,low,
TheTheoryOfEverything_041,0.31,0.44,low,0.36,0.46,low,0.7,0.74,high,,0.118,,video_val,stays,high,0.098314232,0,low,
TheTheoryOfEverything_042,0.44,0.31,low,0.52,0.46,high,0.62,0.69,high,,0.131,,video_val,discarded,high,0.282704685,0.282704685,low,
TheTheoryOfEverything_043,0.09,0.75,low,0.46,0.51,low,0.62,0.69,high,,0.361,,video_val,stays,high,0.064822073,0,low,
TheTheoryOfEverything_044,0.12,0.56,low,0.37,0.29,low,0.67,0.78,high,,0.53,,audio_val,stays,low,0,0,low,
TheTheoryOfEverything_045,0.66,0.44,high,0.28,0.36,low,0.7,0.74,high,,0.607,,audio_val,stays,low,0,0,low,
TheTheoryOfEverything_046,0.81,0.56,high,0.47,0.52,low,0.67,0.78,high,,0.045,,video_val,stays,high,0.308497977,0.308497977,high,
TheTheoryOfEverything_047,0.81,0.44,high,0.53,0.55,high,0.67,0.78,high,,0.025,,video_val,stays,high,0.090461371,0,low,
TheTheoryOfEverything_048,0.34,0.38,low,0.48,0.5,low,0.67,0.78,high,,0.08,,video_val,stays,high,0.135754887,0,low,
TheTheoryOfEverything_049,0.19,0.5,low,0.41,0.48,low,0.7,0.74,high,,0.039,,video_val,stays,high,0.042018657,0,low,
TheTheoryOfEverything_050,0.5,0.38,low,0.43,0.53,low,0.67,0.78,high,,0.053,,video_val,stays,high,0.029460496,0,low,
TheTheoryOfEverything_051,0.19,0.44,low,0.54,0.49,high,0.8,0.78,high,,0.742,,audio_val,discarded,high,0,0,low,
TheTheoryOfEverything_052,0.41,0.38,low,0.23,0.32,low,0.8,0.88,high,,0.781,,audio_val,stays,low,0,0,low,
TheTheoryOfEverything_053,0.75,0.75,high,0.42,0.32,low,0.67,0.78,high,,0.786,,audio_val,stays,low,0,0,low,
TheTheoryOfEverything_054,0.72,0.5,high,0.37,0.38,low,0.67,0.78,high,,0.539,,audio_val,stays,low,0,0,low,
TheTheoryOfEverything_055,0.78,0.5,high,0.43,0.42,low,0.67,0.78,high,,0.636,,audio_val,stays,low,0,0,low,
TheTheoryOfEverything_056,0.75,0.38,high,0.48,0.36,low,0.7,0.74,high,,0.533,,audio_val,stays,low,0,0,low,
TheTheoryOfEverything_057,0.66,0.38,high,0.46,0.31,low,0.8,0.78,high,,0,,video_val,stays,high,0.11336872,0,low,
TheTheoryOfEverything_058,0.91,0.44,high,0.41,0.25,low,0.8,0.78,high,,0.793,,audio_val,stays,low,0,0,low,
TheBlindSide_000,0.41,0.5,low,0.45,0.82,low,0.8,0.88,high,,0.092,,video_val,stays,high,0.333108831,0.333108831,high,
TheBlindSide_001,0.44,0.62,low,0.57,0.87,high,0.8,0.88,high,,0.273,,video_val,discarded,high,0.566156526,0.566156526,low,
TheBlindSide_002,0.66,0.5,high,0.73,0.67,high,0.7,0.74,high,,0,,video_val,stays,high,0.374384823,0.374384823,high,
TheBlindSide_003,0.44,0.44,low,0.61,0.55,high,0.62,0.69,high,,0.045,,video_val,discarded,high,0.513765099,0.513765099,low,
TheBlindSide_004,0.78,0.5,high,0.54,0.6,low,0.67,0.78,high,,0.051,,video_val,stays,high,0.722287949,0.722287949,high,
TheBlindSide_005,0.66,0.56,high,0.58,0.52,high,0.7,0.74,high,,0.164,,video_val,stays,high,0.736669293,0.736669293,high,
TheBlindSide_006,0.5,0.44,low,0.42,0.55,low,0.8,0.88,high,,0.121,,video_val,stays,high,0.31311256,0.31311256,high,
TheBlindSide_007,0.5,0.38,low,0.32,0.46,low,0.8,0.78,high,,0,,video_val,stays,high,0.332412033,0.332412033,high,
TheBlindSide_008,0.31,0.5,low,0.41,0.54,low,0.62,0.69,high,,0.206,,video_val,stays,high,0.321784685,0.321784685,high,
TheBlindSide_009,0.59,0.44,high,0.24,0.15,low,0.8,0.78,high,,0.22,,video_val,stays,high,0.214984375,0.214984375,high,
TheBlindSide_010,0.81,0.44,high,0.43,0.37,low,0.67,0.78,high,,0.6,,audio_val,stays,low,0,0,low,
TheBlindSide_011,0.62,0.25,high,0.39,0.34,low,0.8,0.88,high,,0.048,,video_val,stays,high,0.057628874,0,low,
TheBlindSide_012,0.47,0.5,low,0.58,0.47,high,0.67,0.78,high,,0.141,,video_val,discarded,high,0.227335421,0.227335421,low,
TheBlindSide_013,0.75,0.44,high,0.64,0.61,high,0.8,0.88,high,,0.033,,video_val,stays,high,0.568826479,0.568826479,high,
TheBlindSide_014,0.44,0.31,low,0.29,0.2,low,0.67,0.78,high,,0.076,,video_val,stays,high,0.505429651,0.505429651,high,
TheBlindSide_015,0.56,0.44,low,0.4,0.52,low,0.8,0.78,high,,0.025,,video_val,stays,high,0.796086227,0.796086227,high,
TheBlindSide_016,0.5,0.56,low,0.51,0.51,low,0.7,0.74,high,,0.686,,audio_val,stays,low,0,0,low,
TheBlindSide_017,0.75,0.44,high,0.8,0.75,high,0.7,0.72,high,,0.529,,audio_val,stays,high,0,0,low,
TheBlindSide_018,0.59,0.38,high,0.61,0.64,high,0.8,0.78,high,,0.16,,video_val,stays,high,0.606674321,0.606674321,high,
TheBlindSide_019,0.56,0.25,low,0.62,0.62,high,0.67,0.78,high,,0,,video_val,discarded,high,0.115430238,0,low,
TheBlindSide_020,0.78,0.25,high,0.61,0.45,high,0.8,0.88,high,,0.122,,video_val,stays,high,0.344646594,0.344646594,high,
TheBlindSide_021,0.66,0.38,high,0.56,0.49,low,0.8,0.88,high,,0.214,,video_val,stays,high,0.272680322,0.272680322,high,
TheBlindSide_022,0.56,0.44,low,0.74,0.6,high,0.8,0.78,high,,0,,video_val,discarded,high,0.323261497,0.323261497,low,
TheBlindSide_023,0.41,0.31,low,0.42,0.39,low,0.67,0.78,high,,0.127,,video_val,stays,high,0.397518438,0.397518438,high,
TheBlindSide_024,0.41,0.25,low,0.41,0.39,low,0.67,0.78,high,,0.072,,video_val,stays,high,0.331648362,0.331648362,high,
TheBlindSide_025,0.62,0.5,high,0.43,0.09,low,0.67,0.78,high,,0.039,,video_val,stays,high,0.332494909,0.332494909,high,
TheBlindSide_026,0.41,0.62,low,0.48,0.42,low,0.8,0.88,high,,0,,video_val,stays,high,0.447156271,0.447156271,high,
TheBlindSide_027,0.28,0.44,low,0.69,0.71,high,0.67,0.78,high,,0.212,,video_val,discarded,high,0.481243533,0.481243533,low,
TheBlindSide_028,0.22,0.19,low,0.44,0.31,low,0.8,0.78,high,,0.114,,video_val,stays,high,0.223540776,0.223540776,high,
TheBlindSide_029,0.56,0.38,low,0.44,0.5,low,0.67,0.78,high,,0.751,,audio_val,stays,low,0,0,low,
TheBlindSide_030,0.56,0.38,low,0.35,0.45,low,0.8,0.88,high,,0.086,,video_val,stays,high,0.50801703,0.50801703,high,
TheBlindSide_031,0.81,0.44,high,0.49,0.37,low,0.7,0.74,high,,0.031,,video_val,stays,high,0.181150677,0,low,
TheBlindSide_032,0.62,0.44,high,0.54,0.6,low,0.67,0.78,high,,0.021,,video_val,stays,high,0.37296297,0.37296297,high,
TheBlindSide_033,0.78,0.19,high,0.38,0.39,low,0.8,0.88,high,,0.029,,video_val,stays,high,0.107199421,0,low,
TheBlindSide_034,0.75,0.44,high,0.65,0.64,high,0.62,0.69,high,,0.25,,video_val,stays,high,0.709340409,0.709340409,high,
TheBlindSide_035,0.66,0.38,high,0.32,0.36,low,0.67,0.78,high,,0.02,,video_val,stays,high,0.153834763,0,low,
TheBlindSide_036,0.31,0.44,low,0.49,0.6,low,0.67,0.78,high,,0.077,,video_val,stays,high,0.265876568,0.265876568,high,
TheBlindSide_037,0.72,0.5,high,0.48,0.54,low,0.8,0.88,high,,0.051,,video_val,stays,high,0.700980197,0.700980197,high,
TheBlindSide_038,0.88,0.69,high,0.61,0.58,high,0.67,0.78,high,,0.183,,video_val,stays,high,0.696485279,0.696485279,high,
TheBlindSide_039,0.66,0.5,high,0.74,0.67,high,0.7,0.72,high,,0.119,,video_val,stays,high,0.491877912,0.491877912,high,
TheBlindSide_040,0.5,0.44,low,0.49,0.56,low,0.8,0.88,high,,0.139,,video_val,stays,high,0.444292461,0.444292461,high,
TheBlindSide_041,0.69,0.5,high,0.29,0.12,low,0.67,0.78,high,,0.279,,video_val,stays,high,0.009901923,0,low,
TheBlindSide_042,0.62,0.44,high,0.23,0.03,low,0.8,0.88,high,,0.727,,audio_val,stays,low,0,0,low,
TheBlindSide_043,0.38,0.38,low,0.39,0.35,low,0.7,0.74,high,,0.115,,video_val,stays,high,0.263696634,0.263696634,high,
TheBlindSide_044,0.12,0.25,low,0.44,0.27,low,0.67,0.78,high,,0.059,,video_val,stays,high,0.281585899,0.281585899,high,
TheBlindSide_045,0.91,0.19,high,0.51,0.29,low,0.8,0.88,high,,0.813,,audio_val,stays,low,0,0,low,
TheBlindSide_046,0.94,0.38,high,0.28,0.11,low,0.67,0.78,high,,0.144,,video_val,stays,high,0.307777007,0.307777007,high,
TheBlindSide_047,0.78,0.5,high,0.54,0.38,low,0.67,0.78,high,,0.015,,video_val,stays,high,0.726035349,0.726035349,high,
TheBlindSide_048,0.81,0.44,high,0.26,-0.11,low,0.67,0.78,high,,0.137,,video_val,stays,high,0.099853226,0,low,
TheBlindSide_049,0.66,0.5,high,0.6,0.81,high,0.8,0.78,high,,0.445,,video_val,stays,high,0.227891144,0.227891144,high,
TheBlindSide_050,0.66,0.44,high,0.52,0.46,low,0.8,0.88,high,,0.394,,video_val,stays,high,0.516886397,0.516886397,high,
TheBlindSide_051,0.41,0.38,low,0.18,0.36,low,0.67,0.78,high,,0.055,,video_val,stays,high,0.472425501,0.472425501,high,
TheBlindSide_052,0.78,0.44,high,0.54,0.43,low,0.62,0.69,high,,0.677,,audio_val,stays,low,0,0,low,
TheBlindSide_053,0.56,0.31,low,0.6,0.4,high,0.8,0.78,high,,0.71,,audio_val,discarded,high,0,0,low,
TheBlindSide_054,0.62,0.56,high,0.47,0.6,low,0.63,0.85,high,,0,,video_val,stays,high,0.436481406,0.436481406,high,
TheBlindSide_055,0.69,0.69,high,0.56,0.76,low,0.8,0.88,high,,0.071,,video_val,stays,high,0.714745818,0.714745818,high,
TheBlindSide_056,1,0.75,high,0.63,0.78,high,0.63,0.85,high,,0.709,,audio_val,stays,high,0,0,low,
TheBlindSide_057,0.44,0.62,low,0.42,0.61,low,0.67,0.78,high,,0.287,,video_val,stays,high,0.678855291,0.678855291,high,
TheBlindSide_058,0.69,0.25,high,0.48,0.33,low,0.67,0.78,high,,0.027,,video_val,stays,high,0.292525617,0.292525617,high,
TheBlindSide_059,0.94,0.62,high,0.56,0.39,low,0.67,0.78,high,,0.825,,audio_val,stays,low,0,0,low,
TheBlindSide_060,0.97,0.75,high,0.67,0.61,high,0.63,0.85,high,,0.769,,audio_val,stays,high,0,0,low,
TheBlindSide_061,0.78,0.62,high,0.55,0.75,low,0.63,0.85,high,,0.765,,audio_val,stays,low,0,0,low,
TheBlindSide_062,0.53,0.5,low,0.56,0.71,low,0.67,0.78,high,,0,,video_val,stays,high,0.645560252,0.645560252,high,
TheBlindSide_063,0.72,0.5,high,0.65,0.66,high,0.67,0.78,high,,0.047,,video_val,stays,high,0.600527545,0.600527545,high,
TheBlindSide_064,0.91,0.88,high,0.59,0.82,high,0.7,0.72,high,,0.773,,audio_val,stays,high,0,0,low,
TheBlindSide_065,0.47,0.62,low,0.44,0.42,low,0.8,0.88,high,,0.674,,audio_val,stays,low,0,0,low,
TheBlindSide_066,0.34,0.56,low,0.49,0.42,low,0.67,0.78,high,,0.035,,video_val,stays,high,0.414797094,0.414797094,high,
TheBlindSide_067,0.31,0.69,low,0.33,0.48,low,0.7,0.74,high,,0.048,,video_val,stays,high,0.207485709,0.207485709,high,
TheBlindSide_068,0.75,0.56,high,0.22,0.55,low,0.62,0.69,high,,0.15,,video_val,stays,high,0.624814813,0.624814813,high,
TheBlindSide_069,0.91,0.62,high,0.51,0.61,low,0.67,0.78,high,,0.113,,video_val,stays,high,0.534225166,0.534225166,high,
TheBlindSide_070,0.5,0.5,low,0.62,0.58,high,0.8,0.88,high,,0,,video_val,discarded,high,0.300576476,0.300576476,low,
TheBlindSide_071,0.38,0.62,low,0.53,0.56,low,0.67,0.78,high,,0.42,,video_val,stays,high,0.656854064,0.656854064,high,
TheBlindSide_072,0.47,0.5,low,0.58,0.54,high,0.7,0.74,high,,0.532,,audio_val,discarded,high,0,0,low,
TheBlindSide_073,0.53,0.38,low,0.53,0.45,low,0.8,0.88,high,,0.042,,video_val,stays,high,0.566658215,0.566658215,high,
TheBlindSide_074,0.44,0.44,low,0.46,0.51,low,0.62,0.57,high,,0.296,,video_val,stays,high,0.562686979,0.562686979,high,
TheBlindSide_075,0.22,0.19,low,0.1,0.16,low,0.67,0.78,high,,0.606,,audio_val,stays,low,0,0,low,
TheBlindSide_076,0.66,0.31,high,0.37,0.25,low,0.8,0.88,high,,0.37,,video_val,stays,high,0.112132199,0,low,
TheBlindSide_077,0.88,0.5,high,0.65,0.48,high,0.67,0.78,high,,0.035,,video_val,stays,high,0.482883716,0.482883716,high,
TheBlindSide_078,0.69,0.44,high,0.62,0.45,high,0.7,0.74,high,,0.101,,video_val,stays,high,0.539440561,0.539440561,high,
TheBlindSide_079,0.97,0.38,high,0.58,0.48,high,0.8,0.78,high,,0.514,,audio_val,stays,high,0,0,low,
TheBlindSide_080,0.88,0.56,high,0.77,0.57,high,0.67,0.78,high,,0.795,,audio_val,stays,high,0,0,low,
TheBlindSide_081,0.16,0.94,low,0.35,0.74,low,0.67,0.78,high,,0.036,,video_val,stays,high,0.660707027,0.660707027,high,
TheBlindSide_082,0.06,0.56,low,0.13,0.6,low,0.8,0.88,high,,0.174,,video_val,stays,high,0.489159335,0.489159335,high,
TheBlindSide_083,0.12,0.56,low,0.3,0.44,low,0.55,0.72,low,,0.43,,video_val,stays,low,0.498922021,0.498922021,high,
TheBlindSide_084,0.38,0.25,low,0.22,0.04,low,0.67,0.78,high,,0.437,,video_val,stays,high,0.181958456,0,low,
TheBlindSide_085,0.25,0.19,low,0.38,0.24,low,0.62,0.57,high,,0.154,,video_val,stays,high,0.025884259,0,low,
TheBlindSide_086,0.41,0.31,low,0.23,0.25,low,0.55,0.72,low,,0.405,,video_val,stays,low,0.544955815,0.544955815,high,
TheBlindSide_087,0.72,0.38,high,0.43,0.32,low,0.7,0.74,high,,0.166,,video_val,stays,high,0.413338861,0.413338861,high,
TheBlindSide_088,0.88,0.44,high,0.33,0.22,low,0.67,0.78,high,,0.362,,video_val,stays,high,0.465792154,0.465792154,high,
TheBlindSide_089,0.84,0.56,high,0.24,0.23,low,0.67,0.78,high,,0.425,,video_val,stays,high,0.351760661,0.351760661,high,
TheBlindSide_090,0.75,0.44,high,0.5,0.55,low,0.8,0.78,high,,0.183,,video_val,stays,high,0.708528282,0.708528282,high,
TheBlindSide_091,0.75,0.56,high,0.8,0.49,high,0.8,0.78,high,,0.098,,video_val,stays,high,0.721058709,0.721058709,high,
TheBlindSide_092,0.78,0.56,high,0.6,0.45,high,0.67,0.78,high,,0.115,,video_val,stays,high,0.54156599,0.54156599,high,
TheBlindSide_093,1,0.75,high,0.61,0.64,high,0.67,0.78,high,,0.765,,audio_val,stays,high,0,0,low,
AboutTime_000,0.72,0.12,high,0.7,0.5,high,0.63,0.85,high,,0.755,,audio_val,stays,high,0,0,low,
AboutTime_001,0.84,0.25,high,0.58,0.38,high,0.63,0.85,high,,0.771,,audio_val,stays,high,0,0,low,
AboutTime_002,0.78,0.38,high,0.65,0.54,high,0.63,0.85,high,,0.482,,video_val,stays,high,0.60561467,0.60561467,high,
AboutTime_003,0.59,0.25,high,0.38,0.29,low,0.8,0.88,high,,0.471,,video_val,stays,high,0.481590651,0.481590651,high,
AboutTime_004,0.66,0.75,high,0.47,0.54,low,0.67,0.78,high,,0.92,,audio_val,stays,low,0,0,low,
AboutTime_005,0.59,0.88,high,0.5,0.81,low,0.8,0.88,high,,0.562,,audio_val,stays,low,0,0,low,
AboutTime_006,0.69,0.56,high,0.58,0.6,high,0.8,0.88,high,,0.197,,video_val,stays,high,0.444331318,0.444331318,high,
AboutTime_007,0.44,0.69,low,0.53,0.31,low,0.8,0.88,high,,0.458,,video_val,stays,high,0.527065817,0.527065817,high,
AboutTime_008,0.5,0.75,low,0.43,0.23,low,0.7,0.72,high,,0.457,,video_val,stays,high,0.550748127,0.550748127,high,
AboutTime_009,0.44,0.81,low,0.45,0.42,low,0.77,0.82,high,,0.579,,audio_val,stays,low,0,0,low,
AboutTime_010,0.75,0.81,high,0.48,0.55,low,0.67,0.78,high,,0.36,,video_val,stays,high,0.622978712,0.622978712,high,
AboutTime_011,0.88,0.88,high,0.66,0.79,high,0.8,0.78,high,,0.754,,audio_val,stays,high,0,0,low,
AboutTime_012,0.66,0.69,high,0.62,0.49,high,0.8,0.88,high,,0.548,,audio_val,stays,high,0,0,low,
AboutTime_013,0.53,0.38,low,0.6,0.35,high,0.7,0.74,high,,0.407,,video_val,discarded,high,0.332915308,0.332915308,low,
AboutTime_014,0.78,0.81,high,0.71,0.51,high,0.8,0.78,high,,0.151,,video_val,stays,high,0.329259762,0.329259762,high,
AboutTime_015,0.41,0.88,low,0.4,0.94,low,0.57,0.79,high,,0.025,,video_val,stays,high,0.115327885,0,low,
AboutTime_016,0.75,0.31,high,0.39,0.36,low,0.7,0.72,high,,0.347,,video_val,stays,high,0.167429719,0,low,
AboutTime_017,0.78,0.44,high,0.41,0.28,low,0.62,0.75,high,,0.394,,video_val,stays,high,0.096905081,0,low,
AboutTime_018,0.56,0.5,low,0.82,0.56,high,0.67,0.78,high,,0.295,,video_val,discarded,high,0.611415051,0.611415051,low,
AboutTime_019,0.78,0.31,high,0.68,0.38,high,0.8,0.78,high,,0.658,,audio_val,stays,high,0,0,low,
AboutTime_020,0.5,0.56,low,0.27,0.5,low,0.67,0.78,high,,0.445,,video_val,stays,high,0.513082793,0.513082793,high,
AboutTime_021,0.25,0.56,low,0.27,0.31,low,0.7,0.74,high,,0.078,,video_val,stays,high,0.504748387,0.504748387,high,
AboutTime_022,0.84,0.75,high,0.51,0.36,low,0.67,0.78,high,,0.16,,video_val,stays,high,0.477342531,0.477342531,high,
AboutTime_023,0.44,0.56,low,0.57,0.34,high,0.67,0.78,high,,0.531,,audio_val,discarded,high,0,0,low,
AboutTime_024,0.25,0.12,low,0.54,0.44,low,0.63,0.85,high,,0.664,,audio_val,stays,low,0,0,low,
AboutTime_025,0.56,0.25,low,0.66,0.49,high,0.7,0.74,high,,0.662,,audio_val,discarded,high,0,0,low,
AboutTime_026,0.75,0.56,high,0.42,0.27,low,0.67,0.78,high,,0.806,,audio_val,stays,low,0,0,low,
AboutTime_027,0.88,0.69,high,0.31,0.28,low,0.67,0.78,high,,0.108,,video_val,stays,high,0.312829441,0.312829441,high,
AboutTime_028,0.91,0.69,high,0.65,0.37,high,0.8,0.88,high,,0.083,,video_val,stays,high,0.507952651,0.507952651,high,
AboutTime_029,0.84,0.38,high,0.45,0.13,low,0.67,0.78,high,,0.772,,audio_val,stays,low,0,0,low,
AboutTime_030,0.5,0.44,low,0.38,0.53,low,0.7,0.74,high,,0.582,,audio_val,stays,low,0,0,low,
AboutTime_031,0.75,0.88,high,0.15,0.22,low,0.57,0.79,high,,0.765,,audio_val,stays,low,0,0,low,
AboutTime_032,0.81,0.81,high,0.55,0.58,low,0.8,0.78,high,,0.837,,audio_val,stays,low,0,0,low,
AboutTime_033,0.5,0.88,low,0.37,0.37,low,0.67,0.78,high,,0.669,,audio_val,stays,low,0,0,low,
AboutTime_034,0.31,0.62,low,0.5,0.42,low,0.55,0.72,low,,0.165,,video_val,stays,low,0.573211578,0.573211578,high,
AboutTime_035,0.25,0.75,low,0.59,0.49,high,0.8,0.78,high,,0.169,,video_val,discarded,high,0.715886554,0.715886554,low,
AboutTime_036,0.56,0.62,low,0.49,0.41,low,0.67,0.78,high,,0.425,,video_val,stays,high,0.526994372,0.526994372,high,
AboutTime_037,0.69,0.69,high,0.44,0.43,low,0.67,0.78,high,,0.264,,video_val,stays,high,0.64315999,0.64315999,high,
AboutTime_038,0.12,0.81,low,0.5,0.58,low,0.62,0.69,high,,0.412,,video_val,stays,high,0.514548005,0.514548005,high,
AboutTime_039,0.56,0.56,low,0.39,0.42,low,0.67,0.78,high,,0.837,,audio_val,stays,low,0,0,low,
AboutTime_040,0.81,0.75,high,0.58,0.46,high,0.8,0.88,high,,0.812,,audio_val,stays,high,0,0,low,
AboutTime_041,0.59,0.44,high,0.41,0.32,low,0.8,0.78,high,,0.644,,audio_val,stays,low,0,0,low,
AboutTime_042,0.84,0.81,high,0.54,0.53,low,0.67,0.78,high,,0.842,,audio_val,stays,low,0,0,low,
AboutTime_043,0.78,0.38,high,0.41,0.27,low,0.8,0.78,high,,0.071,,video_val,stays,high,0.236010674,0.236010674,high,
AboutTime_044,0.84,0.38,high,0.79,0.63,high,0.8,0.88,high,,0.401,,video_val,stays,high,0.767846156,0.767846156,high,
AboutTime_045,0.62,0.31,high,0.68,0.43,high,0.8,0.88,high,,0.657,,audio_val,stays,high,0,0,low,
AboutTime_046,0.84,0.88,high,0.33,0.18,low,0.67,0.78,high,,0.676,,audio_val,stays,low,0,0,low,
AboutTime_047,0.69,0.75,high,0.45,0.14,low,0.63,0.85,high,,0.846,,audio_val,stays,low,0,0,low,
AboutTime_048,0.78,0.81,high,0.33,0.32,low,0.67,0.78,high,,0.101,,video_val,stays,high,0.061475375,0,low,
AboutTime_049,0.72,0.38,high,0.6,0.26,high,0.8,0.88,high,,0.054,,video_val,stays,high,0.238505442,0.238505442,high,
AboutTime_050,0.72,0.5,high,0.37,0.19,low,0.8,0.88,high,,0.034,,video_val,stays,high,0.027068224,0,low,
AboutTime_051,0.78,0.44,high,0.53,0.45,low,0.8,0.78,high,,0.226,,video_val,stays,high,0.414248293,0.414248293,high,
AboutTime_052,0.72,0.81,high,0.95,0.66,high,0.67,0.78,high,,0.436,,video_val,stays,high,0.640150545,0.640150545,high,
AboutTime_053,0.81,0.5,high,0.45,0.24,low,0.63,0.85,high,,0.148,,video_val,stays,high,0.561423032,0.561423032,high,
AboutTime_054,0.69,0.5,high,0.47,0.48,low,0.67,0.78,high,,0.888,,audio_val,stays,low,0,0,low,
AboutTime_055,0.84,0.44,high,0.46,0.33,low,0.7,0.74,high,,0.924,,audio_val,stays,low,0,0,low,
AboutTime_056,0.84,0.19,high,0.47,0.56,low,0.63,0.85,high,,0.913,,audio_val,stays,low,0,0,low,
AboutTime_057,0.5,1,low,0.59,0.72,high,0.67,0.78,high,,0.618,,audio_val,discarded,high,0,0,low,
AboutTime_058,0.47,0.31,low,0.39,0.43,low,0.63,0.85,high,,0.177,,video_val,stays,high,0.654348348,0.654348348,high,
AboutTime_059,0.5,0.56,low,0.26,0.35,low,0.8,0.88,high,,0.036,,video_val,stays,high,0.342392648,0.342392648,high,
AboutTime_060,0.56,0.44,low,0.46,0.23,low,0.8,0.88,high,,0.183,,video_val,stays,high,0.258524237,0.258524237,high,
AboutTime_061,0.88,0.5,high,0.42,0.12,low,0.7,0.74,high,,0.322,,video_val,stays,high,0.201159963,0.201159963,high,
AboutTime_062,0.84,0.5,high,0.47,0.4,low,0.8,0.88,high,,0.769,,audio_val,stays,low,0,0,low,
AboutTime_063,0.84,0.38,high,0.67,0.54,high,0.8,0.88,high,,0.743,,audio_val,stays,high,0,0,low,
AboutTime_064,0.88,0.31,high,0.66,0.45,high,0.67,0.78,high,,0.739,,audio_val,stays,high,0,0,low,
AboutTime_065,0.84,0.62,high,0.78,0.76,high,0.8,0.88,high,,0.346,,video_val,stays,high,0.488068381,0.488068381,high,
AboutTime_066,0.91,0.75,high,0.64,0.94,high,0.8,0.88,high,,0.715,,audio_val,stays,high,0,0,low,
AboutTime_067,0.38,0.5,low,0.45,0.49,low,0.8,0.88,high,,0.546,,audio_val,stays,low,0,0,low,
AboutTime_068,0.94,0.94,high,0.81,0.79,high,0.7,0.74,high,,0.45,,video_val,stays,high,0.130100674,0,low,
AboutTime_069,0.94,0.94,high,0.81,0.73,high,0.77,0.82,high,,0.491,,video_val,stays,high,0.633781781,0.633781781,high,
AboutTime_070,0.31,0.75,low,0.57,0.6,high,0.8,0.88,high,,0.135,,video_val,discarded,high,0.824172628,0.824172628,low,
AboutTime_071,0.91,0.88,high,0.48,0.7,low,0.8,0.88,high,,0.642,,audio_val,stays,low,0,0,low,
AboutTime_072,1,0.62,high,0.69,0.84,high,0.68,0.79,high,,0.857,,audio_val,stays,high,0,0,low,
AboutTime_073,0.84,0.88,high,0.43,0.83,low,0.68,0.79,high,,0.312,,video_val,stays,high,0.018226498,0,low,
AboutTime_074,0.72,0.44,high,0.48,0.25,low,0.62,0.69,high,,0.826,,audio_val,stays,low,0,0,low,
AboutTime_075,0.94,0.12,high,0.47,0.16,low,0.55,0.72,low,,0.261,,video_val,discarded,low,0.472117434,0.472117434,low,
AboutTime_076,0.28,0.31,low,0.39,0.22,low,0.8,0.88,high,,0.457,,video_val,stays,high,0.508484276,0.508484276,high,
AboutTime_077,0.72,0.12,high,0.34,0.21,low,0.68,0.79,high,,0.716,,audio_val,stays,low,0,0,low,
AboutTime_078,0.91,0.38,high,0.51,0.63,low,0.8,0.88,high,,0.805,,audio_val,stays,low,0,0,low,
AboutTime_079,0.78,0.5,high,0.75,0.53,high,0.67,0.78,high,,0.577,,audio_val,stays,high,0,0,low,
AboutTime_080,0.88,0.38,high,0.56,0.5,low,0.8,0.88,high,,0.811,,audio_val,stays,low,0,0,low,
AboutTime_081,0.66,0.44,high,0.54,0.59,low,0.8,0.88,high,,0.813,,audio_val,stays,low,0,0,low,
AboutTime_082,0.03,0.5,low,0.2,0.18,low,0.8,0.78,high,,0.074,,video_val,stays,high,0.339152488,0.339152488,high,
AboutTime_083,0.59,0.44,high,0.76,0.76,high,0.8,0.88,high,,0.802,,audio_val,stays,high,0,0,low,
AboutTime_084,0.28,0.38,low,0.38,0.34,low,0.67,0.78,high,,0.678,,audio_val,stays,low,0,0,low,
AboutTime_085,0.22,0.25,low,0.27,0.2,low,0.67,0.78,high,,0.162,,video_val,stays,high,0.389008599,0.389008599,high,
AboutTime_086,0.03,0.25,low,0.41,0.42,low,0.67,0.78,high,,0.051,,video_val,stays,high,0.48072478,0.48072478,high,
AboutTime_087,0.34,0.31,low,0.27,0.25,low,0.67,0.78,high,,0.185,,video_val,stays,high,0.279348207,0.279348207,high,
AboutTime_088,0.47,0.62,low,0.56,0.41,low,0.8,0.88,high,,0.82,,audio_val,stays,low,0,0,low,
AboutTime_089,0.5,0.81,low,0.42,0.77,low,0.8,0.88,high,,0.734,,audio_val,stays,low,0,0,low,
AboutTime_090,0.53,0.62,low,0.51,0.52,low,0.7,0.74,high,,0.749,,audio_val,stays,low,0,0,low,
AboutTime_091,0.19,1,low,0.64,0.57,high,0.67,0.78,high,,0.58,,audio_val,discarded,high,0,0,low,
AboutTime_092,0.41,0.69,low,0.26,0.22,low,0.67,0.78,high,,0.503,,audio_val,stays,low,0,0,low,
AboutTime_093,0.66,0.62,high,0.44,0.47,low,0.8,0.88,high,,0.218,,video_val,stays,high,0.331365484,0.331365484,high,
AboutTime_094,0.56,0.25,low,0.34,0.41,low,0.6,0.74,high,,0.74,,audio_val,stays,low,0,0,low,
AboutTime_095,0.88,0.25,high,0.3,0.42,low,0.62,0.69,high,,0.833,,audio_val,stays,low,0,0,low,
AboutTime_096,0.81,0.5,high,0.7,0.68,high,0.8,0.88,high,,0.102,,video_val,stays,high,0.788444977,0.788444977,high,
AboutTime_097,0.31,0.56,low,0.35,0.19,low,0.62,0.69,high,,0.486,,video_val,stays,high,0.509530938,0.509530938,high,
AboutTime_098,0.09,0.31,low,0.18,0.18,low,0.62,0.69,high,,0.43,,video_val,stays,high,0.141494018,0,low,
AboutTime_099,0.47,0.25,low,0.3,0.23,low,0.7,0.74,high,,0.078,,video_val,stays,high,0.094231422,0,low,
AboutTime_100,0.75,0.38,high,0.2,0.11,low,0.67,0.78,high,,0.387,,video_val,stays,high,0.082373167,0,low,
AboutTime_101,0.84,0.5,high,0.6,0.54,high,0.67,0.78,high,,0.139,,video_val,stays,high,0.533970113,0.533970113,high,
AboutTime_102,0.88,0.44,high,0.46,0.57,low,0.67,0.78,high,,0.645,,audio_val,stays,low,0,0,low,
AboutTime_103,0.94,0.56,high,0.59,0.81,high,0.8,0.88,high,,0.511,,audio_val,stays,high,0,0,low,
AboutTime_104,0.75,0.5,high,0.69,0.68,high,0.8,0.78,high,,0.734,,audio_val,stays,high,0,0,low,
AboutTime_105,0.5,0.62,low,0.42,0.66,low,0.7,0.85,high,,0.525,,audio_val,stays,low,0,0,low,
AboutTime_106,0.47,0.56,low,0.42,0.39,low,0.67,0.78,high,,0.035,,video_val,stays,high,0.4105596,0.4105596,high,
AboutTime_107,0.22,0.88,low,0.71,0.77,high,0.67,0.78,high,,0.671,,audio_val,discarded,high,0,0,low,
AboutTime_108,0.19,0.44,low,0.46,0.37,low,0.67,0.78,high,,0.708,,audio_val,stays,low,0,0,low,
AboutTime_109,0.09,0.31,low,0.18,0.13,low,0.67,0.78,high,,0.763,,audio_val,stays,low,0,0,low,
AboutTime_110,0.25,0.31,low,0.34,0.32,low,0.62,0.69,high,,0.575,,audio_val,stays,low,0,0,low,
AboutTime_111,0.09,0.31,low,0.16,-0.11,low,0.62,0.69,high,,0.232,,video_val,stays,high,0.367503074,0.367503074,high,
AboutTime_112,0.34,0.19,low,0.28,0.14,low,0.67,0.78,high,,0.644,,audio_val,stays,low,0,0,low,
AboutTime_113,0.19,0.31,low,0.25,-0.03,low,0.7,0.72,high,,0.667,,audio_val,stays,low,0,0,low,
AboutTime_114,0.53,0.5,low,0.46,0.2,low,0.67,0.78,high,,0.392,,video_val,stays,high,0.346225614,0.346225614,high,
AboutTime_115,0.62,0.25,high,0.46,0.27,low,0.8,0.88,high,,0.176,,video_val,stays,high,0.506112684,0.506112684,high,
AboutTime_116,0.66,0.38,high,0.15,0.27,low,0.67,0.78,high,,0.062,,video_val,stays,high,0.126723495,0,low,
AboutTime_117,0.16,0.25,low,0.38,0.21,low,0.67,0.78,high,,0.61,,audio_val,stays,low,0,0,low,
AboutTime_118,0.53,0.12,low,0.59,0.23,high,0.8,0.88,high,,0.357,,video_val,discarded,high,0.48738935,0.48738935,low,
AboutTime_119,0.69,0.06,high,0.42,0.31,low,0.7,0.74,high,,0.419,,video_val,stays,high,0.646552232,0.646552232,high,
AboutTime_120,0.28,0.12,low,0.38,0.27,low,0.7,0.74,high,,0.792,,audio_val,stays,low,0,0,low,
AboutTime_121,0.62,0.62,high,0.28,0.27,low,0.8,0.88,high,,0.027,,video_val,stays,high,0.075420155,0,low,
AboutTime_122,0.72,0.5,high,0.25,0.45,low,0.8,0.88,high,,0.126,,video_val,stays,high,0.473535203,0.473535203,high,
AboutTime_123,0.62,0.44,high,0.26,0.34,low,0.67,0.78,high,,0,,video_val,stays,high,0.089685979,0,low,
AboutTime_124,0.72,0.38,high,0.25,0.13,low,0.67,0.78,high,,0.623,,audio_val,stays,low,0,0,low,
AboutTime_125,0.66,0.44,high,0.3,0.29,low,0.63,0.85,high,,0.1,,video_val,stays,high,0.33565529,0.33565529,high,
AboutTime_126,0.5,0.56,low,0.58,0.66,high,0.7,0.72,high,,0.487,,video_val,discarded,high,0.368801218,0.368801218,low,
AboutTime_127,0.19,0.31,low,0.23,0.1,low,0.8,0.88,high,,0.044,,video_val,stays,high,0.058836492,0,low,
AboutTime_128,0.56,0.31,low,0.28,-0.02,low,0.67,0.78,high,,0.757,,audio_val,stays,low,0,0,low,
AboutTime_129,1,0.38,high,0.46,0.57,low,0.8,0.88,high,,0.806,,audio_val,stays,low,0,0,low,
AboutTime_130,0.75,0.12,high,0.46,0.43,low,0.67,0.78,high,,0.829,,audio_val,stays,low,0,0,low,
AboutTime_131,0.75,0.12,high,0.51,0.32,low,0.67,0.78,high,,0.781,,audio_val,stays,low,0,0,low,
AboutTime_132,0.72,0.19,high,0.45,0.29,low,0.7,0.74,high,,0.103,,video_val,stays,high,0.547067654,0.547067654,high,
AboutTime_133,0.88,0.19,high,0.51,0.4,low,0.8,0.88,high,,0.84,,audio_val,stays,low,0,0,low,
AboutTime_134,0.91,0.25,high,0.36,0.28,low,0.8,0.88,high,,0.822,,audio_val,stays,low,0,0,low,
AboutTime_135,0.91,0.12,high,0.68,0.58,high,0.8,0.88,high,,0.804,,audio_val,stays,high,0,0,low,
AboutTime_136,0.97,0.19,high,0.58,0.42,high,0.8,0.88,high,,0.812,,audio_val,stays,high,0,0,low,
TheJudge_000,0.25,0.38,low,0.31,0.32,low,0.7,0.72,high,,0.064,,video_val,stays,high,0.54663112,0.54663112,high,
TheJudge_001,0.72,0.44,high,0.4,0.42,low,0.8,0.78,high,,0,,video_val,stays,high,0.072611653,0,low,
TheJudge_002,0.22,0.62,low,0.52,0.47,high,0.7,0.72,high,,0.034,,video_val,discarded,high,0.409672712,0.409672712,low,
TheJudge_003,0.09,0.88,low,0.39,0.74,low,0.7,0.72,high,,0.82,,audio_val,stays,low,0,0,low,
TheJudge_004,0.03,0.94,low,0.26,0.74,low,0.7,0.74,high,,0.151,,video_val,stays,high,0.556371134,0.556371134,high,
TheJudge_005,0.09,0.75,low,0.11,0.66,low,0.8,0.78,high,,0.138,,video_val,stays,high,0.185655546,0,low,
TheJudge_006,0.41,0.25,low,0.31,0.22,low,0.67,0.78,high,,0.112,,video_val,stays,high,0.035797785,0,low,
TheJudge_007,0.25,0.19,low,0.27,0.09,low,0.67,0.78,high,,0,,video_val,stays,high,0.224247452,0.224247452,high,
TheJudge_008,0.44,0.44,high,0.35,0.21,low,0.67,0.78,high,,0.058,,video_val,stays,high,0.548650514,0.548650514,high,
TheJudge_009,0.44,0.44,high,0.53,0.26,high,0.67,0.78,high,,0,,video_val,stays,high,0.379147947,0.379147947,high,
TheJudge_010,0.44,0.44,high,0.48,0.28,high,0.8,0.78,high,,0.033,,video_val,stays,high,0.391075211,0.391075211,high,
TheJudge_011,0.28,0.38,low,0.26,0.27,low,0.67,0.78,high,,0.181,,video_val,stays,high,0.486471061,0.486471061,high,
TheJudge_012,0.5,0.38,high,0.33,0.25,low,0.7,0.74,high,,0,,video_val,stays,high,0.067529985,0,low,
TheJudge_013,0.5,0.38,high,0.44,0.49,high,0.7,0.72,high,,0.066,,video_val,stays,high,0.243759597,0.243759597,high,
TheJudge_014,0.28,0.62,low,0.52,0.58,high,0.67,0.78,high,,0.074,,video_val,discarded,high,0.63989071,0.63989071,low,
TheJudge_015,0.25,0.44,low,0.54,0.38,high,0.7,0.74,high,,0.061,,video_val,discarded,high,0.466056878,0.466056878,low,
TheJudge_016,0.22,0.31,low,-0.02,0.29,low,0.7,0.74,high,,0.379,,video_val,stays,high,0.296790903,0.296790903,high,
TheJudge_017,0.47,0.44,high,0.67,0.45,high,0.67,0.78,high,,0.58,,audio_val,stays,high,0,0,low,
TheJudge_018,0.28,0.62,low,0.62,0.6,high,0.62,0.69,high,,0.331,,video_val,discarded,high,0.510474951,0.510474951,low,
TheJudge_019,0.47,0.5,high,0.49,0.38,high,0.67,0.78,high,,0.74,,audio_val,stays,high,0,0,low,
TheJudge_020,0.59,0.44,high,0.44,0.3,high,0.67,0.78,high,,0.346,,video_val,stays,high,0.390579834,0.390579834,high,
TheJudge_021,0.53,0.44,high,0.37,0.51,low,0.63,0.85,high,,0.083,,video_val,stays,high,0.616390818,0.616390818,high,
TheJudge_022,0.25,0.38,low,0.29,0.47,low,0.57,0.79,high,,0,,video_val,stays,high,0.483426337,0.483426337,high,
TheJudge_023,0.22,0.62,low,0.21,0.62,low,0.7,0.72,high,,0.032,,video_val,stays,high,0.517598943,0.517598943,high,
TheJudge_024,0.38,0.31,low,0.52,0.41,high,0.67,0.78,high,,0.112,,video_val,discarded,high,0.316549654,0.316549654,low,
TheJudge_025,0.5,0.62,high,0.47,0.67,high,0.8,0.78,high,,0.015,,video_val,stays,high,0.520890968,0.520890968,high,
TheJudge_026,0.25,0.38,low,0.43,0.42,high,0.8,0.88,high,,0.42,,video_val,discarded,high,0.888374574,0.888374574,low,
TheJudge_027,0.75,0.5,high,0.69,0.43,high,0.67,0.78,high,,0.524,,audio_val,stays,high,0,0,low,
TheJudge_028,0.72,0.5,high,0.58,0.37,high,0.67,0.78,high,,0.588,,audio_val,stays,high,0,0,low,
TheJudge_029,0.5,0.44,high,0.26,0.24,low,0.7,0.74,high,,0.767,,audio_val,stays,low,0,0,low,
TheJudge_030,0.34,0.62,low,0.67,0.49,high,0.67,0.78,high,,0.329,,video_val,discarded,high,0.682000135,0.682000135,low,
TheJudge_031,0.44,0.62,high,0.43,0.47,high,0.67,0.78,high,,0.176,,video_val,stays,high,0.4192322,0.4192322,high,
TheJudge_032,0.38,0.5,low,0.31,0.55,low,0.7,0.74,high,,0.32,,video_val,stays,high,0.467181798,0.467181798,high,
TheJudge_033,0.12,0.88,low,0.32,0.81,low,0.67,0.78,high,,0.526,,audio_val,stays,low,0,0,low,
TheJudge_034,0.06,0.94,low,0.18,0.79,low,0.67,0.78,high,,0.233,,video_val,stays,high,0.647325254,0.647325254,high,
TheJudge_035,0.06,1,low,0.35,0.85,low,0.67,0.77,high,,0.692,,audio_val,stays,low,0,0,low,
TheJudge_036,0.16,0.75,low,0.4,0.67,low,0.67,0.78,high,,0.101,,video_val,stays,high,0.714754494,0.714754494,high,
TheJudge_037,0.09,1,low,0.23,0.74,low,0.62,0.69,high,,0.451,,video_val,stays,high,0.769963026,0.769963026,high,
TheJudge_038,0.16,0.75,low,0.46,0.42,high,0.7,0.74,high,,0.118,,video_val,discarded,high,0.512025745,0.512025745,low,
TheJudge_039,0.19,0.44,low,0.19,0.34,low,0.67,0.78,high,,0.189,,video_val,stays,high,0.321974546,0.321974546,high,
TheJudge_040,0.19,0.56,low,0.24,0.3,low,0.63,0.85,high,,0.158,,video_val,stays,high,0.505273197,0.505273197,high,
TheJudge_041,0,0.56,low,0.24,0.53,low,0.63,0.85,high,,0.54,,audio_val,stays,low,0,0,low,
TheJudge_042,0.06,0.94,low,0.26,0.74,low,0.8,0.88,high,,0.244,,video_val,stays,high,0.807710608,0.807710608,high,
TheJudge_043,0.25,0.75,low,0.26,0.69,low,0.62,0.69,high,,0.326,,video_val,stays,high,0.697473681,0.697473681,high,
TheJudge_044,0.28,0.75,low,0.29,0.7,low,0.62,0.69,high,,0.083,,video_val,stays,high,0.561959618,0.561959618,high,
TheJudge_045,0.03,1,low,0.16,0.8,low,0.67,0.78,high,,0.313,,video_val,stays,high,0.620596556,0.620596556,high,
TheJudge_046,0.59,0.12,high,0.43,0.41,high,0.8,0.88,high,,0.638,,audio_val,stays,high,0,0,low,
TheJudge_047,0.78,0.06,high,0.36,0.31,low,0.67,0.78,high,,0.759,,audio_val,stays,low,0,0,low,
TheJudge_048,0.81,0.25,high,0.33,0.59,low,0.67,0.78,high,,0.855,,audio_val,stays,low,0,0,low,
TheJudge_049,0.66,0.06,high,0.43,0.47,high,0.67,0.78,high,,0.878,,audio_val,stays,high,0,0,low,
TheJudge_050,0.88,0.31,high,0.35,0.49,low,0.8,0.88,high,,0.849,,audio_val,stays,low,0,0,low,
TheJudge_051,0.47,0.44,high,0.54,0.38,high,0.62,0.69,high,,0.455,,video_val,stays,high,0.431301278,0.431301278,high,
TheJudge_052,0.44,0.56,high,0.32,0.24,low,0.67,0.78,high,,0.257,,video_val,stays,high,0.500666164,0.500666164,high,
TheJudge_053,0.41,0.5,low,0.24,0.32,low,0.62,0.69,high,,0.521,,audio_val,stays,low,0,0,low,
TheJudge_054,0.44,0.25,high,0.34,0.31,low,0.6,0.74,high,,0.264,,video_val,stays,high,0.371000466,0.371000466,high,
TheJudge_055,0.75,0.56,high,0.37,0.3,low,0.67,0.78,high,,0.37,,video_val,stays,high,0.448554568,0.448554568,high,
TheJudge_056,0.5,0.44,high,0.58,0.43,high,0.67,0.78,high,,0.187,,video_val,stays,high,0.446912067,0.446912067,high,
TheJudge_057,0.16,0.44,low,0.32,0.46,low,0.67,0.78,high,,0.131,,video_val,stays,high,0.470468536,0.470468536,high,
TheJudge_058,0.16,1,low,0.3,0.74,low,0.67,0.78,high,,0.344,,video_val,stays,high,0.740416856,0.740416856,high,
TheJudge_059,0.09,0.88,low,0.28,0.8,low,0.67,0.78,high,,0.107,,video_val,stays,high,0.684087577,0.684087577,high,
TheJudge_060,0.44,0.56,high,0.21,0.42,low,0.8,0.88,high,,0.296,,video_val,stays,high,0.525229742,0.525229742,high,
TheJudge_061,0.25,0.88,low,0.16,0.91,low,0.62,0.69,high,,0.386,,video_val,stays,high,0.735532361,0.735532361,high,
TheJudge_062,0.56,0.44,high,0.44,0.52,high,0.67,0.78,high,,0,,video_val,stays,high,0.219926887,0.219926887,high,
TheJudge_063,0.59,0.62,high,0.43,0.58,high,0.67,0.78,high,,0.226,,video_val,stays,high,0.484620504,0.484620504,high,
TheJudge_064,0.66,0.56,high,0.6,0.48,high,0.62,0.69,high,,0.273,,video_val,stays,high,0.596750204,0.596750204,high,
TheJudge_065,0.62,0.62,high,0.4,0.41,low,0.7,0.74,high,,0.749,,audio_val,stays,low,0,0,low,
TheJudge_066,0.88,0.56,high,0.6,0.51,high,0.8,0.88,high,,0,,video_val,stays,high,0.461516596,0.461516596,high,
TheJudge_067,0.62,0.5,high,0.36,0.35,low,0.7,0.72,high,,0.09,,video_val,stays,high,0.681190261,0.681190261,high,
TheJudge_068,0.91,0.25,high,0.44,0.28,high,0.7,0.72,high,,0.732,,audio_val,stays,high,0,0,low,
TheJudge_069,0.88,0.5,high,0.62,0.53,high,0.67,0.78,high,,0,,video_val,stays,high,0.564272225,0.564272225,high,
TheJudge_070,0.25,0.31,low,0.42,0.24,high,0.67,0.78,high,,0,,video_val,discarded,high,0.416961902,0.416961902,low,
TheJudge_071,0.5,0.38,high,0.17,0.23,low,0.8,0.88,high,,0.03,,video_val,stays,high,0.199687848,0,low,
TheJudge_072,0.28,0.88,low,0.41,0.55,low,0.63,0.85,high,,0.226,,video_val,stays,high,0.646081569,0.646081569,high,
TheJudge_073,0.22,0.56,low,0.31,0.45,low,0.7,0.74,high,,0.097,,video_val,stays,high,0.628597745,0.628597745,high,
TheJudge_074,0.28,0.56,low,0.49,0.42,high,0.57,0.79,high,,0.209,,video_val,discarded,high,0.441733715,0.441733715,low,
TheJudge_075,0.81,0.5,high,0.4,0.38,low,0.8,0.88,high,,0.516,,audio_val,stays,low,0,0,low,
TheJudge_076,0.81,0.5,high,0.42,0.63,high,0.67,0.78,high,,0.482,,video_val,stays,high,0.715152342,0.715152342,high,
TheJudge_077,0.88,0.5,high,0.57,0.51,high,0.67,0.78,high,,0.461,,video_val,stays,high,0.603611565,0.603611565,high,
TheJudge_078,0.84,0.56,high,0.49,0.51,high,0.8,0.88,high,,0.111,,video_val,stays,high,0.658108782,0.658108782,high,
TheJudge_079,0.81,0.88,high,0.38,0.4,low,0.8,0.88,high,,0.547,,audio_val,stays,low,0,0,low,
TheJudge_080,0.72,0.62,high,0.41,0.26,low,0.7,0.74,high,,0.049,,video_val,stays,high,0.378595595,0.378595595,high,
TheJudge_081,0.34,0.5,low,0.39,0.43,low,0.8,0.88,high,,0,,video_val,stays,high,0.386336434,0.386336434,high,
TheJudge_082,0.34,0.44,low,0.34,0.44,low,0.67,0.78,high,,0,,video_val,stays,high,0.485862976,0.485862976,high,
TheJudge_083,0.5,0.44,high,0.56,0.5,high,0.7,0.74,high,,0.018,,video_val,stays,high,0.076897183,0,low,
TheJudge_084,0.06,0.88,low,0.67,0.69,high,0.67,0.78,high,,0.781,,audio_val,discarded,high,0,0,low,
TheJudge_085,0.28,0.44,low,0.82,0.6,high,0.63,0.85,high,,0.084,,video_val,discarded,high,0.160884386,0,low,
TheJudge_086,0.53,0.44,high,0.49,0.39,high,0.8,0.88,high,,0.483,,video_val,stays,high,0.029149793,0,low,
TheJudge_087,0.78,0.5,high,0.71,0.69,high,0.67,0.78,high,,0.248,,video_val,stays,high,0.528085392,0.528085392,high,
TheJudge_088,0.75,0.44,high,0.65,0.62,high,0.67,0.78,high,,0.111,,video_val,stays,high,0.166491242,0,low,
TheJudge_089,0.81,0.38,high,0.57,0.44,high,0.67,0.78,high,,0.449,,video_val,stays,high,0.415103012,0.415103012,high,
TheJudge_090,0.81,0.5,high,0.48,0.39,high,0.8,0.88,high,,0.188,,video_val,stays,high,0.354948483,0.354948483,high,
TheJudge_091,0.72,0.5,high,0.31,0.4,low,0.8,0.88,high,,0.548,,audio_val,stays,low,0,0,low,
TheJudge_092,0.25,0.38,low,0.4,0.28,low,0.7,0.74,high,,0.695,,audio_val,stays,low,0,0,low,
TheJudge_093,0.16,0.19,low,0.37,0.25,low,0.7,0.72,high,,0.722,,audio_val,stays,low,0,0,low,
TheJudge_094,0.84,0.56,high,0.53,0.45,high,0.67,0.78,high,,0.679,,audio_val,stays,high,0,0,low,
TheJudge_095,0.53,0.31,high,0.39,0.24,low,0.7,0.74,high,,0,,video_val,stays,high,0.221098345,0.221098345,high,
TheJudge_096,0.66,0.44,high,0.3,0.28,low,0.8,0.88,high,,0,,video_val,stays,high,0.019412515,0,low,
TheJudge_097,0.59,0.38,high,0.41,0.17,low,0.7,0.74,high,,0,,video_val,stays,high,0.196979239,0,low,
TheJudge_098,0.56,0.31,high,0.18,0.06,low,0.67,0.78,high,,0.747,,audio_val,stays,low,0,0,low,
TheJudge_099,0.78,0.25,high,0.1,0.05,low,0.67,0.78,high,,0.381,,video_val,stays,high,0.240530543,0.240530543,high,
TheJudge_100,0.47,0.44,high,0.11,0.55,low,0.7,0.74,high,,0.423,,video_val,stays,high,0.823977297,0.823977297,high,
TheJudge_101,0.69,0.56,high,0.83,0.64,high,0.8,0.88,high,,0.22,,video_val,stays,high,0.60692604,0.60692604,high,
TheJudge_102,0.97,0.44,high,0.76,0.6,high,0.8,0.88,high,,0.808,,audio_val,stays,high,0,0,low,
TheJudge_103,0.94,0.62,high,0.69,0.71,high,0.63,0.85,high,,0.698,,audio_val,stays,high,0,0,low,
TheJudge_104,0.03,1,low,0.72,0.86,high,0.62,0.69,high,,0.617,,audio_val,discarded,high,0,0,low,
TheJudge_105,0,1,low,0.03,1.02,low,0.67,0.78,high,,0.38,,video_val,stays,high,0.815610172,0.815610172,high,
TheJudge_106,0,1,low,0.51,0.96,high,0.67,0.78,high,,0.389,,video_val,discarded,high,0.627050151,0.627050151,low,
TheJudge_107,0.06,1,low,0.24,1.01,low,0.67,0.78,high,,0.18,,video_val,stays,high,0.757251386,0.757251386,high,
TheJudge_108,0,1,low,0.12,1.04,low,0.8,0.88,high,,0.243,,video_val,stays,high,0.750897853,0.750897853,high,
TheJudge_109,0.06,0.94,low,0.16,0.86,low,0.67,0.78,high,,0.447,,video_val,stays,high,0.805241013,0.805241013,high,
TheJudge_110,0.03,1,low,0.2,0.94,low,0.67,0.78,high,,0.408,,video_val,stays,high,0.655920667,0.655920667,high,
TheJudge_111,0.03,0.94,low,0.3,0.97,low,0.62,0.69,high,,0.159,,video_val,stays,high,0.799655585,0.799655585,high,
TheJudge_112,0.09,0.62,low,0.71,0.5,high,0.67,0.78,high,,0.104,,video_val,discarded,high,0.287002332,0.287002332,low,
TheJudge_113,0.47,0.5,high,0.36,0.27,low,0.7,0.74,high,,0.227,,video_val,stays,high,0.149683169,0,low,
TheJudge_114,0.25,0.44,low,0.32,0.49,low,0.67,0.78,high,,0.195,,video_val,stays,high,0.651471245,0.651471245,high,
TheJudge_115,0.12,0.25,low,0.23,0.19,low,0.67,0.78,high,,0.634,,audio_val,stays,low,0,0,low,
TheJudge_116,0.16,0.38,low,0.35,0.44,low,0.7,0.74,high,,0.748,,audio_val,stays,low,0,0,low,
TheJudge_117,0.59,0.38,high,0.29,0.25,low,0.67,0.78,high,,0.043,,video_val,stays,high,0.308791813,0.308791813,high,
TheJudge_118,0.56,0.44,high,0.4,0.36,low,0.8,0.88,high,,0,,video_val,stays,high,0.312194771,0.312194771,high,
TheJudge_119,0.47,0.5,high,0.22,0.25,low,0.62,0.69,high,,0,,video_val,stays,high,0.320353201,0.320353201,high,
TheJudge_120,0.31,0.38,low,0.28,0.15,low,0.67,0.78,high,,0.022,,video_val,stays,high,0.194761908,0,low,
TheJudge_121,0.56,0.38,high,0.39,0.19,low,0.63,0.85,high,,0,,video_val,stays,high,0.163899736,0,low,
TheJudge_122,0.22,0.88,low,0.36,0.76,low,0.57,0.79,high,,0.842,,audio_val,stays,low,0,0,low,
TheJudge_123,0.53,0.5,high,0.51,0.28,high,0.62,0.69,high,,0.13,,video_val,stays,high,0.501998593,0.501998593,high,
TheJudge_124,0.09,0.69,low,0.29,0.72,low,0.67,0.78,high,,0.075,,video_val,stays,high,0.53772421,0.53772421,high,
TheJudge_125,0.12,1,low,0.16,0.93,low,0.67,0.78,high,,0.255,,video_val,stays,high,0.610645403,0.610645403,high,
TheJudge_126,0.22,0.69,low,0.39,0.63,low,0.7,0.74,high,,0.332,,video_val,stays,high,0.120824064,0,low,
TheJudge_127,0.31,0.38,low,0.22,0.23,low,0.67,0.78,high,,0.132,,video_val,stays,high,0.162533609,0,low,
TheJudge_128,0.16,0.56,low,0.15,0.5,low,0.7,0.72,high,,0.128,,video_val,stays,high,0.447247234,0.447247234,high,
TheJudge_129,0.19,0.75,low,0.44,0.56,high,0.62,0.69,high,,0.268,,video_val,discarded,high,0.589611089,0.589611089,low,
TheJudge_130,0.22,0.75,low,0.21,0.6,low,0.7,0.74,high,,0.025,,video_val,stays,high,0.278911152,0.278911152,high,
TheJudge_131,0.16,0.31,low,0.13,0.19,low,0.67,0.78,high,,0.519,,audio_val,stays,low,0,0,low,
TheJudge_132,0.47,0.31,high,0.15,0.2,low,0.63,0.85,high,,0.745,,audio_val,stays,low,0,0,low,
TheJudge_133,0.34,0.44,low,0.33,0.35,low,0.57,0.79,high,,0.815,,audio_val,stays,low,0,0,low,
TheJudge_134,0.22,0.38,low,0.32,0.19,low,0.66,0.67,high,,0.655,,audio_val,stays,low,0,0,low,
TheJudge_135,0.19,0.25,low,0.34,0.29,low,0.67,0.78,high,,0.797,,audio_val,stays,low,0,0,low,
TheJudge_136,0.44,0.25,high,0.31,0.05,low,0.7,0.74,high,,0.184,,video_val,stays,high,0.016481521,0,low,
TheJudge_137,0.31,0.62,low,0.46,0.36,high,0.67,0.78,high,,0.221,,video_val,discarded,high,0.556444845,0.556444845,low,
TheJudge_138,0.34,0.5,low,0.43,0.24,high,0.7,0.74,high,,0.031,,video_val,discarded,high,0.368922663,0.368922663,low,
TheJudge_139,0.25,0.88,low,0.34,0.58,low,0.67,0.78,high,,0,,video_val,stays,high,0.596751548,0.596751548,high,
TheJudge_140,0.16,1,low,0.19,0.94,low,0.7,0.74,high,,0.036,,video_val,stays,high,0.670701677,0.670701677,high,
TheJudge_141,0.25,0.5,low,0.31,0.41,low,0.8,0.88,high,,0.029,,video_val,stays,high,0.648593993,0.648593993,high,
TheJudge_142,0.12,0.56,low,0.35,0.47,low,0.8,0.88,high,,0,,video_val,stays,high,0.407483278,0.407483278,high,
TheJudge_143,0.66,0.31,high,0.4,0.26,low,0.8,0.78,high,,0.024,,video_val,stays,high,0.032496885,0,low,
TheJudge_144,0.75,0.31,high,0.39,0.3,low,0.8,0.88,high,,0.433,,video_val,stays,high,0.10617558,0,low,
TheJudge_145,0.56,0.31,high,0.29,0.22,low,0.67,0.78,high,,0.758,,audio_val,stays,low,0,0,low,
TheJudge_146,0.84,0.38,high,0.49,0.55,high,0.8,0.88,high,,0.043,,video_val,stays,high,0.44929943,0.44929943,high,
TheJudge_147,0.81,0.5,high,0.67,0.54,high,0.7,0.74,high,,0,,video_val,stays,high,0.453483875,0.453483875,high,
TheJudge_148,0.97,0.12,high,0.37,0.21,low,0.57,0.79,high,,0.509,,audio_val,stays,low,0,0,low,
TheJudge_149,0.5,0.31,high,0.26,0.09,low,0.67,0.78,high,,0,,video_val,stays,high,0.081671018,0,low,
TheJudge_150,0.66,0.25,high,0.41,0.29,low,0.67,0.78,high,,0.126,,video_val,stays,high,0.060996517,0,low,
TheJudge_151,0.84,0.5,high,0.39,0.23,low,0.7,0.74,high,,0.034,,video_val,stays,high,0.288002071,0.288002071,high,
TheJudge_152,0.53,0.5,high,0.58,0.53,high,0.67,0.78,high,,0,,video_val,stays,high,0.407799676,0.407799676,high,
TheJudge_153,0.88,0.19,high,0.38,0.44,low,0.8,0.78,high,,0.484,,video_val,stays,high,0.041886264,0,low,
Wonder_000,0.19,0.88,low,0.29,0.74,low,0.67,0.78,high,,0.5,,video_val,stays,high,0.858239813,0.858239813,high,
Wonder_001,0.28,0.38,low,0.37,0.42,low,0.62,0.69,high,,0.789,,audio_val,stays,low,0,0,low,
Wonder_002,0.53,0.25,high,0.52,0.49,high,0.53,0.62,high,,0.189,,video_val,stays,high,0.698975869,0.698975869,high,
Wonder_003,0.69,0.38,high,0.47,0.51,low,0.62,0.69,high,,0.247,,video_val,stays,high,0.266017079,0.266017079,high,
Wonder_004,0.53,0.38,high,0.48,0.44,low,0.67,0.78,high,,0.29,,video_val,stays,high,0.736434801,0.736434801,high,
Wonder_005,0.81,0.38,high,0.54,0.39,high,0.67,0.78,high,,0.269,,video_val,stays,high,0.451667855,0.451667855,high,
Wonder_006,1,0.75,high,0.45,0.78,low,0.63,0.85,high,,0.876,,audio_val,stays,low,0,0,low,
Wonder_007,0.66,0.31,high,0.58,0.52,high,0.8,0.88,high,,0.749,,audio_val,stays,high,0,0,low,
Wonder_008,0.84,0.19,high,0.55,0.4,high,0.8,0.88,high,,0.326,,video_val,stays,high,0.144074669,0,low,
Wonder_009,0.66,0.31,high,0.52,0.38,high,0.7,0.74,high,,0,,video_val,stays,high,0.042961304,0,low,
Wonder_010,0.62,0.5,high,0.35,0.38,low,0.67,0.78,high,,0.43,,video_val,stays,high,0.545893802,0.545893802,high,
Wonder_011,0.75,0.31,high,0.53,0.3,high,0.62,0.69,high,,0.398,,video_val,stays,high,0.390424662,0.390424662,high,
Wonder_012,0.53,0.5,high,0.52,0.37,high,0.7,0.72,high,,0.8,,audio_val,stays,high,0,0,low,
Wonder_013,0.03,0.44,low,0.72,0.68,high,0.6,0.74,high,,0.227,,video_val,discarded,high,0.240623596,0.240623596,low,
Wonder_014,0.09,0.56,low,0.49,0.76,low,0.7,0.74,high,,0.692,,audio_val,stays,low,0,0,low,
Wonder_015,0.12,0.38,low,0.39,0.5,low,0.67,0.78,high,,0.069,,video_val,stays,high,0.124010357,0,low,
Wonder_016,0.09,0.88,low,0.52,0.69,high,0.8,0.88,high,,0.059,,video_val,discarded,high,0.195764882,0,low,
Wonder_017,0.34,0.31,low,0.61,0.4,high,0.8,0.78,high,,0.056,,video_val,discarded,high,0.076145669,0,low,
Wonder_018,0.66,0.31,high,0.49,0.36,low,0.62,0.69,high,,0.263,,video_val,stays,high,0.563796301,0.563796301,high,
Wonder_019,0.34,0.31,low,0.45,0.36,low,0.62,0.69,high,,0,,video_val,stays,high,0.119338923,0,low,
Wonder_020,0.38,0.31,low,0.44,0.26,low,0.8,0.78,high,,0.139,,video_val,stays,high,0.233516469,0.233516469,high,
Wonder_021,0.09,0.69,low,0.47,0.61,low,0.67,0.78,high,,0.365,,video_val,stays,high,0.339607291,0.339607291,high,
Wonder_022,0.38,0.38,low,0.32,0.49,low,0.62,0.69,high,,0.032,,video_val,stays,high,0.161230297,0,low,
Wonder_023,0.22,0.62,low,0.31,0.61,low,0.67,0.78,high,,0.042,,video_val,stays,high,0.410712649,0.410712649,high,
Wonder_024,0.69,0.31,high,0.36,0.28,low,0.7,0.74,high,,0.062,,video_val,stays,high,0.351636874,0.351636874,high,
Wonder_025,0.81,0.31,high,0.59,0.34,high,0.7,0.74,high,,0.699,,audio_val,stays,high,0,0,low,
Wonder_026,0.88,0.19,high,0.59,0.37,high,0.67,0.78,high,,0.811,,audio_val,stays,high,0,0,low,
Wonder_027,0.72,0.25,high,0.53,0.31,high,0.8,0.88,high,,0.815,,audio_val,stays,high,0,0,low,
Wonder_028,0.81,0.38,high,0.31,0.43,low,0.7,0.74,high,,0.76,,audio_val,stays,low,0,0,low,
Wonder_029,0.38,0.56,low,0.39,0.51,low,0.67,0.78,high,,0.028,,video_val,stays,high,0.480047342,0.480047342,high,
Wonder_030,0.47,0.38,low,0.63,0.51,high,0.7,0.74,high,,0,,video_val,discarded,high,0.492076642,0.492076642,low,
Wonder_031,0.41,0.44,low,0.24,0.35,low,0.67,0.78,high,,0,,video_val,stays,high,0.487785506,0.487785506,high,
Wonder_032,0.78,0.56,high,0.61,0.43,high,0.62,0.69,high,,0.764,,audio_val,stays,high,0,0,low,
Wonder_033,0.34,0.31,low,0.4,0.26,low,0.67,0.78,high,,0.268,,video_val,stays,high,0.249098632,0.249098632,high,
Wonder_034,0.34,0.06,low,0.34,0.22,low,0.67,0.78,high,,0.828,,audio_val,stays,low,0,0,low,
Wonder_035,0.47,0.38,low,0.45,0.37,low,0.8,0.78,high,,0.136,,video_val,stays,high,0.373201267,0.373201267,high,
Wonder_036,0.69,0.44,high,0.39,0.3,low,0.8,0.88,high,,0.579,,audio_val,stays,low,0,0,low,
Wonder_037,0.56,0.44,high,0.6,0.63,high,0.7,0.74,high,,0.21,,video_val,stays,high,0.205363414,0.205363414,high,
Wonder_038,0.62,0.44,high,0.49,0.54,low,0.67,0.78,high,,0.037,,video_val,stays,high,0.517155462,0.517155462,high,
Wonder_039,0.78,0.5,high,0.73,0.59,high,0.67,0.78,high,,0.033,,video_val,stays,high,0.456047482,0.456047482,high,
Wonder_040,0.94,0.69,high,0.6,0.63,high,0.8,0.78,high,,0.747,,audio_val,stays,high,0,0,low,
Wonder_041,0.91,0.56,high,0.57,0.71,high,0.7,0.74,high,,0.265,,video_val,stays,high,0.613354614,0.613354614,high,
Wonder_042,0.88,0.56,high,0.7,0.7,high,0.63,0.85,high,,0.244,,video_val,stays,high,0.531861498,0.531861498,high,
Wonder_043,0.97,0.81,high,0.67,0.59,high,0.8,0.78,high,,0.937,,audio_val,stays,high,0,0,low,
Wonder_044,0.84,0.5,high,0.62,0.65,high,0.66,0.67,high,,0.882,,audio_val,stays,high,0,0,low,
Wonder_045,0.94,0.44,high,0.58,0.58,high,0.8,0.88,high,,0.893,,audio_val,stays,high,0,0,low,
Wonder_046,0.88,0.44,high,0.6,0.34,high,0.8,0.88,high,,0.912,,audio_val,stays,high,0,0,low,
Wonder_047,0.81,0.38,high,0.55,0.45,high,0.7,0.74,high,,0.903,,audio_val,stays,high,0,0,low,
Wonder_048,0.75,0.38,high,0.38,0.39,low,0.67,0.78,high,,0.721,,audio_val,stays,low,0,0,low,
Wonder_049,0.62,0.38,high,0.38,0.38,low,0.67,0.78,high,,0.121,,video_val,stays,high,0.407187788,0.407187788,high,
Wonder_050,0.94,0.12,high,0.58,0.27,high,0.7,0.74,high,,0.159,,video_val,stays,high,0.387650957,0.387650957,high,
Wonder_051,1,0.25,high,0.66,0.3,high,0.8,0.88,high,,0.742,,audio_val,stays,high,0,0,low,
Wonder_052,0.25,0.81,low,0.53,0.88,high,0.67,0.78,high,,0.039,,video_val,discarded,high,0.65014883,0.65014883,low,
Wonder_053,0.53,0.44,high,0.58,0.33,high,0.67,0.78,high,,0.052,,video_val,stays,high,0.382995882,0.382995882,high,
Wonder_054,0.44,0.31,low,0.39,0.34,low,0.8,0.88,high,,0.015,,video_val,stays,high,0.158209844,0,low,
Wonder_055,0.75,0.38,high,0.53,0.3,high,0.8,0.88,high,,0.053,,video_val,stays,high,0.348809067,0.348809067,high,
Wonder_056,0.09,0.62,low,0.74,0.76,high,0.67,0.78,high,,0.594,,audio_val,discarded,high,0,0,low,
Wonder_057,0.69,0.38,high,0.43,0.44,low,0.67,0.78,high,,0.328,,video_val,stays,high,0.501848435,0.501848435,high,
Wonder_058,0.19,0.62,low,0.44,0.77,low,0.63,0.85,high,,0.265,,video_val,stays,high,0.226971682,0.226971682,high,
Wonder_059,0.09,0.94,low,0.34,0.65,low,0.63,0.85,high,,0.013,,video_val,stays,high,0.516975508,0.516975508,high,
Wonder_060,0.06,1,low,0.32,0.79,low,0.66,0.67,high,,0,,video_val,stays,high,0.291350821,0.291350821,high,
Wonder_061,0,1,low,0.12,0.86,low,0.67,0.78,high,,0,,video_val,stays,high,0.197956338,0,low,
Wonder_062,0.5,0.31,low,0.27,0.54,low,0.62,0.69,high,,0.495,,video_val,stays,high,0.374728852,0.374728852,high,
Wonder_063,0.88,0.44,high,0.63,0.74,high,0.8,0.78,high,,0.83,,audio_val,stays,high,0,0,low,
Wonder_064,0.28,0.56,low,0.48,0.58,low,0.62,0.69,high,,0.074,,video_val,stays,high,0.229306006,0.229306006,high,
Wonder_065,0.41,0.5,low,0.56,0.64,high,0.62,0.69,high,,0,,video_val,discarded,high,0.634542572,0.634542572,low,
Wonder_066,0.31,0.56,low,0.48,0.58,low,0.67,0.78,high,,0.074,,video_val,stays,high,0.628878669,0.628878669,high,
Wonder_067,0.41,0.25,low,0.61,0.39,high,0.55,0.72,high,,0.101,,video_val,discarded,high,0.227608714,0.227608714,low,
Wonder_068,0.88,0.38,high,0.59,0.37,high,0.7,0.72,high,,0.882,,audio_val,stays,high,0,0,low,
Wonder_069,0.31,0.56,low,0.47,0.7,low,0.67,0.78,high,,0.631,,audio_val,stays,low,0,0,low,
Wonder_070,0.22,0.44,low,0.42,0.55,low,0.67,0.78,high,,0.038,,video_val,stays,high,0.704755439,0.704755439,high,
Wonder_071,0.59,0.38,high,0.25,0.38,low,0.7,0.74,high,,0.12,,video_val,stays,high,0.159724647,0,low,
Wonder_072,0.34,0.81,low,0.24,0.56,low,0.7,0.72,high,,0.057,,video_val,stays,high,0.619519038,0.619519038,high,
Wonder_073,0.72,0.5,high,0.4,0.48,low,0.67,0.78,high,,0.025,,video_val,stays,high,0.488167793,0.488167793,high,
Wonder_074,0.88,0.44,high,0.41,0.38,low,0.8,0.78,high,,0,,video_val,stays,high,0.322585749,0.322585749,high,
Wonder_075,0.62,0.38,high,0.27,0.26,low,0.8,0.88,high,,0,,video_val,stays,high,0.378121722,0.378121722,high,
Wonder_076,0.38,0.5,low,0.62,0.58,high,0.8,0.88,high,,0.079,,video_val,discarded,high,0.475895288,0.475895288,low,
Wonder_077,0.69,0.56,high,0.46,0.49,low,0.62,0.69,high,,0.15,,video_val,stays,high,0.568713585,0.568713585,high,
Wonder_078,0.75,0.38,high,0.3,0.28,low,0.7,0.72,high,,0.729,,audio_val,stays,low,0,0,low,
Wonder_079,0.53,0.5,high,0.45,0.2,low,0.67,0.78,high,,0.79,,audio_val,stays,low,0,0,low,
Wonder_080,0.81,0.5,high,0.56,0.5,high,0.62,0.69,high,,0.847,,audio_val,stays,high,0,0,low,
Wonder_081,0.69,0.44,high,0.85,0.6,high,0.63,0.85,high,,0.318,,video_val,stays,high,0.751867288,0.751867288,high,
Wonder_082,0.84,0.44,high,0.43,0.59,low,0.67,0.78,high,,0.674,,audio_val,stays,low,0,0,low,
Wonder_083,0.47,0.25,low,0.5,0.39,low,0.67,0.78,high,,0,,video_val,stays,high,0.530847434,0.530847434,high,
Wonder_084,0.78,0.44,high,0.22,0.24,low,0.8,0.88,high,,0.488,,video_val,stays,high,0.265098819,0.265098819,high,
Wonder_085,0.78,0.44,high,0.6,0.54,high,0.67,0.78,high,,0.038,,video_val,stays,high,0.528799019,0.528799019,high,
Wonder_086,0.28,0.38,low,0.47,0.47,low,0.55,0.72,high,,0.014,,video_val,stays,high,0.40635947,0.40635947,high,
Wonder_087,0.81,0.44,high,0.83,0.6,high,0.8,0.88,high,,0.741,,audio_val,stays,high,0,0,low,
Wonder_088,0.34,0.38,low,0.37,0.27,low,0.67,0.78,high,,0.775,,audio_val,stays,low,0,0,low,
Wonder_089,0.97,0.81,high,0.55,0.75,high,0.8,0.78,high,,0.205,,video_val,stays,high,0.139562868,0,low,
Wonder_090,0.28,0.44,low,0.88,0.78,high,0.7,0.72,high,,0.809,,audio_val,discarded,high,0,0,low,
Wonder_091,0.91,1,high,0.46,0.7,low,0.8,0.78,high,,0.079,,video_val,stays,high,0.449111489,0.449111489,high,
Wonder_092,0.81,0.31,high,0.55,0.78,high,0.67,0.78,high,,0.813,,audio_val,stays,high,0,0,low,
Wonder_093,0.56,0.44,high,1.01,0.85,high,0.8,0.78,high,,0.072,,video_val,stays,high,0.780791764,0.780791764,high,
Wonder_094,0.28,0.5,low,0.36,0.77,low,0.7,0.74,high,,0.146,,video_val,stays,high,0.808683799,0.808683799,high,
Wonder_095,0.25,0.5,low,0.29,0.46,low,0.8,0.88,high,,0.144,,video_val,stays,high,0.497077754,0.497077754,high,
Wonder_096,0.28,0.5,low,0.5,0.4,low,0.67,0.78,high,,0.042,,video_val,stays,high,0.271647198,0.271647198,high,
Wonder_097,0.06,1,low,0.44,0.8,low,0.73,0.69,high,,0.115,,video_val,stays,high,0.41248728,0.41248728,high,
Wonder_098,0.03,0.56,low,0.27,0.28,low,0.67,0.78,high,,0.839,,audio_val,stays,low,0,0,low,
Wonder_099,0.06,0.94,low,0.11,0.91,low,0.62,0.69,high,,0.106,,video_val,stays,high,0.766382289,0.766382289,high,
Wonder_100,0.06,0.75,low,0.26,0.54,low,0.67,0.78,high,,0.022,,video_val,stays,high,0.456426915,0.456426915,high,
Wonder_101,0.34,0.38,low,0.58,0.47,high,0.62,0.69,high,,0.208,,video_val,discarded,high,0.534629561,0.534629561,low,
Wonder_102,0.31,0.38,low,0.49,0.41,low,0.62,0.69,high,,0.241,,video_val,stays,high,0.454401003,0.454401003,high,
Wonder_103,0.22,0.44,low,0.33,0.45,low,0.67,0.78,high,,0.09,,video_val,stays,high,0.670499599,0.670499599,high,
Wonder_104,0.09,0.81,low,0.21,0.79,low,0.62,0.69,high,,0.034,,video_val,stays,high,0.379842355,0.379842355,high,
Wonder_105,0.09,0.69,low,0.09,0.71,low,0.67,0.78,high,,0,,video_val,stays,high,0.408291062,0.408291062,high,
Wonder_106,0.09,0.31,low,0.64,0.5,high,0.8,0.88,high,,0.064,,video_val,discarded,high,0.111515537,0,low,
Wonder_107,0.22,0.12,low,0.28,0.21,low,0.67,0.78,high,,0.554,,audio_val,stays,low,0,0,low,
Wonder_108,0.66,0.19,high,0.39,0.27,low,0.67,0.78,high,,0,,video_val,stays,high,0.147635078,0,low,
Wonder_109,0.22,0.25,low,0.49,0.48,low,0.7,0.74,high,,0.029,,video_val,stays,high,0.011689005,0,low,
Wonder_110,0.16,0.38,low,0.23,0.24,low,0.62,0.69,high,,0.83,,audio_val,stays,low,0,0,low,
Wonder_111,0.91,0.31,high,0.43,0.42,low,0.8,0.78,high,,0.756,,audio_val,stays,low,0,0,low,
Wonder_112,0.66,0.44,high,0.67,0.53,high,0.7,0.74,high,,0.131,,video_val,stays,high,0.522198897,0.522198897,high,
Wonder_113,0.56,0.44,high,0.56,0.49,high,0.62,0.69,high,,0,,video_val,stays,high,0.522705993,0.522705993,high,
Wonder_114,0.66,0.44,high,0.71,0.45,high,0.67,0.78,high,,0.093,,video_val,stays,high,0.373526145,0.373526145,high,
Wonder_115,0.69,0.81,high,0.64,0.7,high,0.8,0.88,high,,0.078,,video_val,stays,high,0.717169313,0.717169313,high,
Wonder_116,0.56,0.38,high,0.48,0.55,low,0.7,0.74,high,,0,,video_val,stays,high,0.607023288,0.607023288,high,
Wonder_117,0.75,0.44,high,0.47,0.56,low,0.62,0.69,high,,0.29,,video_val,stays,high,0.541552324,0.541552324,high,
Wonder_118,0.5,0.5,low,0.33,0.5,low,0.67,0.78,high,,0.378,,video_val,stays,high,0.369949433,0.369949433,high,
Wonder_119,0.59,0.56,high,0.37,0.36,low,0.62,0.69,high,,0.527,,audio_val,stays,low,0,0,low,
Wonder_120,0.94,0.19,high,0.58,0.48,high,0.7,0.74,high,,0.711,,audio_val,stays,high,0,0,low,
Wonder_121,0.94,0.69,high,0.76,0.69,high,0.8,0.78,high,,0.825,,audio_val,stays,high,0,0,low,
Wonder_122,0.91,0.62,high,0.59,0.61,high,0.8,0.78,high,,0.618,,audio_val,stays,high,0,0,low,
Wonder_123,0.97,0.75,high,0.69,0.79,high,0.67,0.78,high,,0.371,,video_val,stays,high,0.879161599,0.879161599,high,
Wonder_124,0.91,0.62,high,0.7,0.73,high,0.67,0.68,high,,0.113,,video_val,stays,high,0.809661535,0.809661535,high,
Wonder_125,0.72,0.62,high,0.42,0.64,low,0.67,0.78,high,,0.029,,video_val,stays,high,0.141906049,0,low,
Wonder_126,0.84,0.56,high,0.5,0.75,low,0.67,0.78,high,,0.681,,audio_val,stays,low,0,0,low,
Wonder_127,0.88,0.62,high,0.72,0.81,high,0.68,0.79,high,,0.518,,audio_val,stays,high,0,0,low,
Wonder_128,0.97,0.88,high,0.54,0.58,high,0.8,0.78,high,,0.369,,video_val,stays,high,0.329247495,0.329247495,high,
Wonder_129,0.91,0.62,high,0.76,0.83,high,0.7,0.74,high,,0.527,,audio_val,stays,high,0,0,low,
Wonder_130,0.84,0.31,high,0.55,0.65,high,0.67,0.78,high,,0.498,,video_val,stays,high,0.051762402,0,low,
Wonder_131,0.91,0.88,high,0.54,0.7,high,0.8,0.78,high,,0.354,,video_val,stays,high,0.011835986,0,low,
Wonder_132,0.78,0.5,high,0.73,0.51,high,0.8,0.88,high,,0.148,,video_val,stays,high,0.350911533,0.350911533,high,
Wonder_133,0.88,1,high,0.32,0.85,low,0.67,0.78,high,,0.066,,video_val,stays,high,0.30327126,0.30327126,high,
Wonder_134,0.94,0.81,high,0.74,0.69,high,0.62,0.69,high,,0.151,,video_val,stays,high,0.54985297,0.54985297,high,
Wonder_135,0.59,0.44,high,0.74,0.76,high,0.67,0.78,high,,0.861,,audio_val,stays,high,0,0,low,
Wonder_136,0.72,0.56,high,0.68,0.7,high,0.8,0.88,high,,0.062,,video_val,stays,high,0.355714403,0.355714403,high,
Wonder_137,0.59,0.5,high,0.47,0.45,low,0.67,0.78,high,,0,,video_val,stays,high,0.465264228,0.465264228,high,
Wonder_138,0.16,0.56,low,0.44,0.88,low,0.62,0.69,high,,0,,video_val,stays,high,0.655411459,0.655411459,high,
Wonder_139,0.09,1,low,0.38,0.82,low,0.67,0.78,high,,0.016,,video_val,stays,high,0.419767893,0.419767893,high,
Wonder_140,0.09,1,low,0.55,0.93,high,0.67,0.78,high,,0.282,,video_val,discarded,high,0.273887896,0.273887896,low,
Wonder_141,0.25,0.94,low,0.53,0.66,high,0.67,0.78,high,,0.718,,audio_val,discarded,high,0,0,low,
Wonder_142,0.62,0.75,high,0.79,0.77,high,0.8,0.88,high,,0.574,,audio_val,stays,high,0,0,low,
Wonder_143,0.81,0.5,high,0.87,0.74,high,0.8,0.88,high,,0.03,,video_val,stays,high,0.648923442,0.648923442,high,
Wonder_144,0.91,0.5,high,0.8,0.62,high,0.7,0.74,high,,0.497,,video_val,stays,high,0.187224979,0,low,
Wonder_145,0.94,0.19,high,0.46,0.49,low,0.8,0.78,high,,0.884,,audio_val,stays,low,0,0,low,
Wonder_146,0.66,0.5,high,0.48,0.78,low,0.63,0.85,high,,0.236,,video_val,stays,high,0.543757776,0.543757776,high,
Wonder_147,0.75,0.56,high,0.65,0.64,high,0.7,0.74,high,,0.221,,video_val,stays,high,0.551527745,0.551527745,high,
Wonder_148,0.88,0.44,high,0.41,0.55,low,0.8,0.88,high,,0.069,,video_val,stays,high,0.604078433,0.604078433,high,
Wonder_149,0.69,0.38,high,0.39,0.25,low,0.8,0.88,high,,0.386,,video_val,stays,high,0.306707048,0.306707048,high,
Wonder_150,0.56,0.69,high,0.47,0.6,low,0.7,0.74,high,,0.179,,video_val,stays,high,0.433149651,0.433149651,high,
Wonder_151,0.94,0.31,high,0.22,0.6,low,0.62,0.69,high,,0.615,,audio_val,stays,low,0,0,low,
Wonder_152,1,0.12,high,0.53,0.54,high,0.67,0.78,high,,0.823,,audio_val,stays,high,0,0,low,
Wonder_153,1,0.88,high,0.59,0.75,high,0.7,0.72,high,,0.053,,video_val,stays,high,0.011222401,0,low,
Wonder_154,0.97,0.81,high,0.62,0.78,high,0.68,0.79,high,,0.479,,video_val,stays,high,0.01256358,0,low,
,,,,,,,,,,,,,,,,,,Total high = 403,
